|Chercheurs _Inserm_ETP|Chercheurs _Inserm_PP|Cherceurs_CNRS_ETP|Cherceurs_CNRS_ETP|Chercheurs_autres_ETP|Chercheurs_autres_PP|Post-Doctorants_ETP|Post-Doctorants_PP|Doctorants_ETP|Doctorants_PP|CDI_Chercheurs_ETP|CDI_Chercheurs_PP|CDD_Chercheurs_ETP|CDD_Chercheurs_PP|Ens-Chercheurs_ETP|Ens-Chercheurs_PP|PU-PH_ETP|PU-PH_PP|Hosp-Autres_ETP|Hosp-Autres_PP|IR_Inserm_ETP|IR_Inserm_PP|IR_non_Inserm_ETP|IR_non_Inserm_PP|IngT _ETP|IngT _PP|CDD_IR_ETP|CDD_IR_PP|CDD_Autres_ETP|CDD_Autres_PP|Admin_ETP|Admin_PP|etp_total
CIC1401-1|||||||0|0|0|0|0|0|0|0|||1,1|2|0|0|||||4,5|5|0|0|2|2|||7,6
CIC1401-2|0,9|5|||||0|0|0|0|0,2|2|1,1|2|0,1|1|3,7|35|2,8|10|0,3|1|0,1|1|2,85|8|0|0|1,1|3|1,6|3|14,75
CIC1401-3|||||||0|0|0|0|0|0|0|0|||1,55|12|2|2|||||4|4|0|0|0|0|1|1|8,55
CIC1402-1|||||||0|0|0|0|0|0|0|0|2|4|8,65|27|7,6|8|||||8|9|0|0|3|3|||29,25
CIC1403-1|||||||0|0|0|0|0|0|0|0|||2,75|6|22,55|25|||1|1|12,7|15|0|0|3|3|0,5|1|42,5
CIC1403-2|||||||0|0|3|3|0|0|0|0|||1,25|3|5|5|||||9,3|10|0|0|0|0|||18,55
CIC1404-1|||||||0|0|0|0|0|0|0|0|||1,3|3|1|2|||||6,7|7|0|0|1|1|||10
CIC1405-1|||||||0|0|0|0|0|0|0|0|0,55|3|1,35|6|3,5|6|||||3,4|4|0|0|0|0|||8,8
CIC1406-1|||||||0|0|0|0|1|1|0|0|||1,7|9|11,4|14|||||5|6|0|0|0|0|0,6|1|19,7
CIC1406-2|||||||0|0|0|0|0|0|0|0|||0,75|6|5|5|||||2,9|3|0|0|1|1|0,3|1|9,95
CIC1407-1|||||||0|0|0|0|0|0|0|0|||1,55|4|28,45|31|||||15,05|16|0|0|0|0|2,8|3|47,85
CIC1408-1|||||||0|0|0|0|0|0|0|0|||3,05|9|2,7|4|||0,5|1|4,2|7|0|0|0,5|1|0,7|1|11,65
CIC1409-1|||||||0,5|1|0|0|0|0|0|0|||4,7|12|7,4|11|1|1|||32,7|43|0|0|0|0|4,8|5|51,1
CIC1409-2|||||||0|0|0|0|0|0|0|0|0,25|1|1,1|9|0|0|||||2,7|7|0|0|0|0|||4,05
CIC1410-1|||||||0|0|0,5|1|1|1|0|0|0,3|1|5,7|12|3,7|8|||||4,2|5|0|0|0|0|1|1|16,4
CIC1411-1|||||||0|0|0|0|0|0|0|0|||1,45|3|4,5|5|||||5|6|0|0|0|0|||10,95
CIC1412-1|||||||0|0|0|0|0|0|0|0|||0,6|2|4|4|||||51,5|54|0|0|0|0|6,8|7|62,9
CIC1413-1|||||||0|0|0|0|0|0|0|0|||2,55|10|32,1|35|||||13|17|0|0|0|0|||47,65
CIC1413-2|0,2|1|||||0|0|0|0|0|0|0|0|||0,8|6|7,1|10|||||6,3|16|0|0|2|3|0,95|3|17,35
CIC1414-1|||||||0|0|3|3|0,1|1|0|0|0,75|2|17,8|76|13,25|14|||||38,35|47|0|0|0|0|1,1|3|74,35
CIC1414-2|||||||0|0|0,5|1|0|0|0|0|0,25|1|1,7|17|5,6|6|||||4,55|6|0|0|0|0|0,85|2|13,45
CIC1415-1|||||||0|0|0|0|0|0|0|0|0,1|1|1,7|4|0,5|1|||||10,1|11|0|0|4|4|1,6|2|18
CIC1415-2|||||||0|0|0|0|0|0|0|0|0,2|1|0,3|2|0,9|1|||||1,4|3|0|0|2|2|0,5|1|5,3
CIC1416-1|0,5|2|||||0|0|0|0|0|0|0,2|1|||1,5|8|3,7|7|0,5|1|||8,2|12|0|0|3,4|4|||18
CIC1417-1|||||||0|0|0|0|0|0|0|0|||2,3|4|11|11|||||4,5|5|0|0|0|0|1|1|18,8
CIC1418-1|||||||0|0|0|0|0|0|0|0|||0,9|4|2,4|3|||||4,1|5|0|0|0|0|1|1|8,4
CIC1418-2|||||||0|0|0|0|0|0|0|0|||0,55|3|3|3|||||2,6|4|0|0|0|0|||6,15
CIC1419-1|||||||0|0|0|0|0|0|0|0|0,1|1|1,3|7|2|2|||||1|1|0|0|0|0|||4,4
CIC1420-1|||||||1|2|0|0|0|0|0|0|0,2|2|0,85|5|2,25|4|||||3,5|6|0|0|1|2|0,5|1|9,3
CIC1421-1|||||||0|0|0|0|0|0|0|0|||1,55|3|1|1|||||5,8|6|0|0|0|0|0,2|1|8,55
CIC1422-1|||||||0|0|0|0|0|0|0|0|||2,65|10|7,9|8|||||12|12|1|1|1|1|||24,55
CIC1423-1|0,15|2|||||0|0|0|0|0|0|1,1|2|0,1|1|2,25|13|12,25|23|||0,5|1|15,3|17|0|0|0|0|2,8|3|34,45
CIC1424-1|||||||0|0|0|0|4|4|0|0|||3,8|7|3|3|||||3|3|0|0|2|2|||15,8
CIC1425-1|||||||0|0|0|0|0|0|0|0|||2,4|9|8|11|1|1|||6,8|12|0|0|0,5|1|||18,7
CIC1425-2|||||||0|0|0|0|0|0|0|0|||2,4|10|8,15|12|||||6,8|12|0|0|0,65|2|||18
CIC1426-1|||||||0|0|0,3|1|0|0|1|1|||0,1|1|5,8|6|||||8|8|0|0|1,5|2|||16,7
CIC1426-2|||||||0|0|0|0|0|0|1|1|||0,15|2|5,8|6|||||8|8|0|0|1,5|2|||16,45
CIC1427-1|||||||0|0|0|0|0|0|0|0|0,1|1|0,15|2|2|2|||||4|4|0|0|0|0|1|1|7,25
CIC1427-2|||||||0|0|0|0|0|0|0|0|0,1|1|0,6|6|0,5|1|||||2,4|11|0|0|0|0|0,3|2|3,9
CIC1428-1|0,1|1|0,1|1|||0|0|0|0|0|0|0|0|||1|11|2,85|18|||1,3|3|5,05|8|0|0|1,7|3|||12,1
CIC1429-1|||||||0|0|0|0|0|0|0|0|||1,15|2|6|6|||||0,4|1|0|0|0|0|||7,55
CIC1430-1|||||||0|0|0|0|0|0|0|0|0,5|1|1,5|7|2,8|5|||||11|13|0|0|0|0|1|1|16,8
CIC1430-2|||||||0|0|0|0|0|0|0|0|0,5|1|2,45|12|2,8|5|||||11,5|14|0|0|0|0|1|1|18,25
CIC1431-1|||||||0|0|0|0|0|0|4,8|5|||3,7|16|5,8|10|||||18,3|28|0|0|0|0|1|1|33,6
CIC1431-2|||0,2|1|||0|0|2|2|0|0|7,3|9|0,1|1|2,55|7|5,9|11|||||19,7|24|0|0|0|0|1|1|38,75
CIC1432-1|||||||0|0|1|1|0|0|0|0|0,1|1|2,55|12|1,7|2|||||7,3|9|0|0|0|0|||12,65
CIC1432-2|||||||0|0|0,5|1|0|0|0|0|||2,4|10|3,6|5|||||17,4|21|0|0|1|1|||24,9
CIC1433-1|||||||0|0|1|1|0,8|1|1|1|||0,75|6|1,3|3|||||10,2|11|0|0|5|5|||20,05
CIC1433-2|||||||0|0|0|0|0|0|0|0|||1,6|3|10,5|12|||||17,9|19|0|0|1|1|4,3|5|35,3
CIC1433-3|0,3|1|||||1|1|0|0|0|0|0|0|||0,1|1|1|1|||1|1|7,9|9|0|0|1|1|1|1|13,3
CIC1434-1|||||||0|0|0|0|0|0|0|0|||0,8|3|2|2|||||9,4|10|0|0|2|2|||14,2
CIC1435-1|||||||0|0|0|0|0|0|0|0|||1,7|5|9|9|||||22,5|24|1|1|1|1|3|3|38,2
CIC1436-1|||||||0|0|0|0|0|0|0|0|||3,5|12|28,6|32|||||13,6|20|0|0|1|1|||46,7
CIC1436-2|||||||0|0|0|0|0|0|0|0|||0,6|4|1|1|||||0,5|1|0|0|1|1|||3,1
IFR25-1|||||1|1|0|0|0|0|0|0|0|0|||0|0|1|1|||||0|0|0|0|0|0|||2
IFR25-2|||||||0|0|0|0|0|0|0|0|||0,3|1|0|0|||||0|0|0|0|0|0|||0,3
IFR25-3|||||||0|0|0|0|0|0|0|0|0,75|2|0|0|0|0|||||0|0|0|0|0|0|||0,75
U604-1|||||1|1|4|4|1|1|0|0|0|0|0,5|1|0|0|2|2|||||5|5|0|0|0|0|||13,5
U830-1|2|2|||||2|2|4|4|0|0|0|0|||0|0|0|0|||1|1|2|2|0|0|0|0|||11
U830-2|||1|1|||6|6|2|2|0|0|0|0|||0,3|1|0|0|1|1|||2|2|0|0|0|0|||12,3
U830-3|2|2|||||4|4|6|6|1|1|0|0|||2,3|3|0|0|1|1|6,5|7|8,5|9|0|0|0|0|||31,3
U830-5|2|2|||||2|2|2|2|0|0|0|0|||0,6|2|0|0|||1|1|3|3|0|0|0|0|||10,6
U830-6|1|1|||||0|0|0|0|0|0|0|0|||0|0|0|0|||||1|1|0|0|0|0|||2
U839-1|3|3|||||1|1|1|1|0|0|1|1|0,5|1|0|0|0|0|||||1|1|0|0|0|0|||7,5
U839-2|||3|3|||1|1|3|3|0|0|1|1|1|2|0|0|0|0|||||2|2|0|0|0|0|||11
U839-3|1|1|1|1|||2|2|1|1|0|0|2|2|1|2|0|0|0|0|||||1|1|0|0|1|1|||10
U839-4|3|3|||||0|0|3|3|0|0|1|1|1|2|0|0|0|0|||||0,8|1|0|0|0|0|||8,8
U839-5|1|1|1|1|||1|1|1|1|0|0|1|1|0,5|1|0|0|0|0|||||1|1|0|0|0|0|||6,5
U839-6|2|2|||||1|1|1|1|0|0|0|0|||0|0|0|0|||||1|1|1|1|0|0|||6
U839-7|1|1|||||1|1|0|0|0|0|0|0|||0|0|0|0|||1|1|0|0|0|0|0|0|||3
U861-1|1|1|||||0|0|1|1|0|0|1|1|0,5|1|0|0|0|0|||||3|3|0|0|0|0|||6,5
U861-2|||||||1|1|0|0|0|0|0|0|0,5|1|0|0|0|0|||1|1|2|2|0|0|0|0|||4,5
U861-3|1|1|||||0|0|2|2|0|0|0|0|||0|0|0|0|0,8|1|||1|1|0|0|1|1|||5,8
U861-4|1|1|||||0|0|4|4|0|0|1|1|0,5|1|0|0|0|0|||||8|8|0|0|1|1|||15,5
U894-1|3|3|||||0|0|2,8|3|0|0|1|1|1,5|3|3,3|9|4|4|||||0|0|0|0|0|0|||15,6
U894-10|||1|1|||1|1|0|0|0|0|1|1|||0|0|0|0|||||0|0|0|0|0|0|||3
U894-2|2|2|2|2|||0|0|0,8|1|0|0|0|0|0,5|1|0|0|0|0|||||0|0|0|0|0|0|||5,3
U894-3|1|1|||||0|0|2,8|3|0|0|1|1|1,5|3|4,95|12|5,6|9|||||2|2|0|0|0|0|||18,85
U894-4|1|1|||||0|0|1,6|2|0|0|1|1|0,75|2|0|0|0|1|||||3,8|4|0|0|0|0|||8,15
U894-5|1|1|||||1|1|1,6|2|0|0|0|0|||3,55|12|0|1|||||2,1|3|0|0|0|0|||9,25
U894-6|||||||2|2|4,6|5|0|0|0|0|4|7|0|0|1,3|2|||1|1|2|2|0|0|0|0|1|1|15,9
U894-7|2,45|3|1|1|||1|1|2|2|0|0|2|2|||0|0|0|1|1|1|||2|2|0|0|1|1|||12,45
U894-8|||1|1|||1|1|2|2|0|0|1|1|||0|0|0|0|||||0|0|0|0|0|0|||5
U894-9|2,45|3|1|1|||1|1|2|2|0|0|2|2|||0|0|0|1|1|1|||2|2|0|0|1|1|||12,45
U900-1|2|2|||||1|1|1|1|0,1|1|0|0|||0|0|1|1|0,5|1|1|1|8|8|0|0|1|1|||15,6
U900-2|||||||0|0|0|0|0,25|1|0|0|||0|0|0,45|2|||0,8|1|0|0|0|0|1|1|||2,5
U900-3|||||||5|5|2,5|3|0|0|0|0|||0|0|1|1|0,5|1|3|3|1|1|0|0|2|2|||15
U900-4|||||||0|0|0|0|0|0|0|0|||0|0|1|1|2|2|11,5|12|10,5|11|0|0|0|0|||25
U900-5|||||||0|0|7|7|0|0|0|0|||0|0|4|4|||||0|0|0|0|0|0|||11
U908-1|1|1|||||1|1|9|9|0|0|0|0|2,5|5|0,7|3|1|1|||||6|6|0|0|1|1|||22,2
U932-1|1,9|2|0,9|1|||4|4|0|0|0|0|0|0|||0|0|0|0|1|1|0,5|1|3|3|0|0|0|0|||11,3
U932-2|1|1|||||1|1|0|0|0|0|0|0|||0|0|0|0|||||0|0|0|0|0|0|||2
U932-3|2|2|||||2|2|0|0|0|0|0|0|||0|0|0|0|||||1|1|0|0|0|0|||5
U932-4|1|1|1|1|||2|2|1|1|0|0|0|0|||0|0|0|0|||||1|1|0|0|0|0|||6
U932-5|||1|1|||0|0|2|2|0|0|1|1|||0|0|0|0|||||1|1|0|0|0|0|||5
U932-6|2|2|||||1|1|0|0|0|0|0|0|||0,9|1|0|0|||0,5|1|2,75|3|0|0|0|0|||7,15
U932-7|||||||2,5|3|2|2|0|0|0|0|||0|0|1|1|||||0,8|1|0|0|1|1|||7,3
U932-8|1|1|||||1|1|1|1|0|0|0|0|||0|0|0|0|||||0|0|0|0|1|1|||4
U933-1|1|1|||||0|0|3|3|1|1|3|3|0,5|1|4,45|13|1,3|2|||||2,8|4|5|5|6|6|||28,05
U934-1|||3|3|||3|3|1|1|0|0|0|0|0,5|1|0|0|0|0|||2|2|3|3|0|0|0|0|||12,5
U934-10|||1|1|||1|1|0|0|0|0|0|0|||0|0|0|0|||||0|0|0|0|0|0|||2
U934-2|2|2|1|1|||4|4|1|1|0|0|0|0|1|1|0,3|1|0|0|||3|3|5|5|0|0|0|0|||17,3
U934-4|1|1|1|1|||3|3|1|1|0|0|0|0|||0|0|0|0|||||1|1|0|0|0|0|||7
U934-5|1|1|||||3|3|1|1|0|0|0|0|||0|0|0|0|||||3|3|0|0|0|0|||8
U934-6|1|1|||||3|3|1|1|0|0|0|0|||0|0|0|0|||||4,5|5|0|0|0|0|||9,5
U934-7|1|1|2|2|||2|2|0|0|0|0|0|0|||0|0|0|0|||||1|1|0|0|0|0|||6
U934-8|1|1|||||3|3|2,5|3|0|0|0|0|||0|0|0|0|||||1|1|0|0|0|0|||7,5
U934-9|1|1|||||1|1|1|1|0|0|0|0|||0|0|0|0|||1|1|0|0|0|0|0|0|||4
U935-1|1|1|||||0|0|1|1|0|0|0|0|||0,9|2|0|0|||||0|0|0|0|0|0|||2,9
U935-2|2|2|||||0|0|2|2|0|0|0|0|||0|0|0|0|||||0|0|0|0|0|0|||4
U935-3|||||1|1|0|0|2|2|0|0|0|0|0,5|1|3,8|8|0,6|1|||||2,8|3|0|0|1|1|||11,7
U935-4|1|1|||||0|0|0|0|0|0|0|0|||0|0|0|0|||||0|0|0|0|0|0|||1
U935-5|||||||0|0|0|0|0|0|1|1|||0|0|0|0|||||0|0|0|0|0|0|||1
U938-1|2|2|1|1|||0|0|0|0|0|0|0|0|0,5|1|2,1|8|0|1|1|1|||3,4|4|0|0|0|0|||10
U938-10|2|2|1|1|||0|0|0|0|0|0|0|0|1|2|3,8|13|0,3|2|||||5,3|6|0|0|0|0|||13,4
U938-11|1|1|||||0|0|0|0|0|0|0|0|||0,95|4|0,6|2|||||0|0|0|0|0|0|||2,55
U938-12|2|2|1|1|||1|1|1|1|0|0|0|0|0,9|2|1,7|6|0|1|||||1,8|2|0|0|0|0|||9,4
U938-13|1|1|||||0|0|0|0|0|0|1|1|0,25|1|0,9|2|0|1|||||1|1|0|0|1|1|||5,15
U938-14|2|2|||||0|0|0|0|1|1|0|0|||0|0|0|0|||||2|2|0|0|0|0|||5
U938-2|1,9|2|||||0|0|1|1|0|0|0|0|||1,75|6|0,2|1|||||4,8|5|0|0|1|1|||10,65
U938-3|3|3|1|1|||0|0|0|0|0|0|0|0|||0|0|0|0|||||2|2|0|0|0|0|||6
U938-4|||2|2|||0|0|2,5|3|0|0|0|0|0,5|1|2,4|13|0|0|1|1|||1|1|0|0|0|0|||9,4
U938-5|1,8|2|||||0|0|2,5|3|0|0|0|0|1|2|3,15|11|0|0|||||4,6|5|0|0|1|1|||14,05
U938-6|||||||0,6|1|0|0|6|6|0|0|||5,75|16|0,8|2|||2|2|7,6|8|0|0|1|1|||23,75
U938-7|1|1|||||0|0|1|1|0|0|0|0|0,5|1|1,65|5|0|0|||||2|2|0|0|0|0|||6,15
U938-8|||||||1|1|1|1|0|0|0|0|1|2|0,9|3|0,1|1|||||1,5|2|0|0|0|0|||5,5
U938-9|2|2|||||0|0|0|0|0|0|0|0|0,5|1|2,1|6|0|1|1|1|||0,8|1|0|0|0|0|||6,4
U941-1|||||||0|0|1|1|0|0|0|0|||2,8|8|0|0|||||0|0|0|0|0|0|||3,8
U941-2|1|1|||||0|0|0|0|0|0|0|0|||0|0|0|0|||||2|2|0|0|0|0|||3
U942-1|2|2|0,8|1|||0|0|4,45|5|0|0|1|1|0,3|1|9,1|25|4,3|6|1|1|||4,3|5|0|0|1|1|||28,25
U942-2|||||||1|1|1|1|0|0|0|0|0,3|1|2,4|5|1|1|||||3|3|0|0|0|0|||8,7
U944-1|2|2|3|3|||1|1|1|1|0|0|0|0|1|2|0,8|1|0|0|||2|2|5,8|6|0|0|0|0|||16,6
U944-2|2|2|||||0|0|1|1|0|0|0|0|||0|0|0|0|||||2|2|0|0|0|0|||5
U944-3|1|1|1|1|||1|1|0|0|0|0|1|1|||0|0|0|0|||||0|0|0|0|1|1|||5
U944-4|1|1|||||0|0|1|1|0|0|0|0|1|2|0,6|2|0|0|||||1|1|0|0|0|0|||4,6
U944-5|||3|3|||1|1|2|2|0|0|0|0|1|2|0|0|0|0|||||1|1|0|0|0|0|||8
U944-6|||||||1|1|0|0|0|0|1|1|||0,6|2|0|0|||||5|5|0|0|0|0|||7,6
U944-7|1|1|||||0|0|0|0|0|0|2|2|||0,3|1|0|0|||||0|0|0|0|0|0|||3,3
U946-1|5|5|||||0|0|3|3|0|0|1|1|||0,3|1|1|1|1|1|||1,8|2|0|0|0|0|||13,1
U951-1|0|1|||||5|5|5,5|6|0|0|0|0|2|4|0|0|3|3|||||11,8|12|0|0|0|0|||27,3
U951-2|2|2|1|1|||6|6|5|5|0|0|1|1|||0|0|3|3|||||10|10|0|0|1|1|||29
U955-1|||1|1|||0|0|0|0|0|0|0|0|||1|3|1,3|2|||||2|2|0|0|0|0|1|1|6,3
U955-10|||3|3|||0|0|0|0|2|2|2|2|4,1|9|2,9|10|6,5|9|||1|1|9|9|0|0|4,5|5|1|1|36
U955-12|2|2|||||0|0|0|0|0|0|1|1|||0|0|0|0|||||1|1|0|0|0|0|||4
U955-13|1|1|1,5|2|||0|0|3|3|0|0|0|0|||4,9|12|2,2|3|||||0|0|0|0|0|0|||12,6
U955-14|||||||0|0|0|0|0|0|0|0|||0,9|4|1|1|||||0|0|0|0|1|1|||2,9
U955-15|1|1|||||1,6|2|4|4|1|1|0|0|0,5|1|4,3|13|2,3|3|||||1|1|0|0|1|1|||16,7
U955-16|||||||3,65|4|3|3|0|0|1|1|1,5|3|1,1|4|0,7|5|2|2|2,9|3|4,7|5|0|0|4,5|5|1,1|2|26,15
U955-18|1|1|||||0|0|1,25|2|0|0|2|2|1|2|5,95|15|0,3|1|1|1|||4|5|0|0|3|3|||19,5
U955-2|3|3|||||0|0|0|0|0|0|0|0|0,3|1|1,85|8|0|0|1|1|||7,3|8|0|0|1,5|2|||14,95
U955-21|1|1|||||0|0|2|2|1|1|1|1|0,8|2|4,2|11|0|0|||||2,5|3|0|0|0|0|||12,5
U955-3|2|2|1|1|||0|0|2|2|0|0|0|0|2|6|2,45|8|0|0|||||3|3|0|0|0|0|||12,45
U955-4|1|1|||||1|1|0|0|0|0|1|1|1,2|2|2,4|8|0|0|||||3|3|0|0|0|0|||9,6
U955-5|||||||0|0|1|1|0|0|0|0|0,5|1|2,3|6|0|0|||2|2|2|2|0|0|0|0|||7,8
U955-6|1|1|1,5|2|||0|0|0|0|0|0|0|0|0,5|1|0|0|0|0|||1|1|1|1|0|0|0|0|||5
U955-7|||1|1|||0|0|0|0|0|0|1|1|2,6|6|1,9|7|1|1|||1|1|2,3|3|0|0|0|0|||10,8
U955-8|||||||0,25|1|3|3|0|0|2|2|0,5|1|1,4|5|1|1|||1|1|2|3|0|0|0|0|||11,15
U955-9|||||||0|0|0|0|1|1|0|0|||2,8|9|0|0|||||3,7|5|1|1|0|0|||8,5
U958-1|1|1|||||0|0|0|0|0|0|0|0|0,5|1|0,9|4|0|0|0,8|1|1|1|2|2|0|0|0|0|||6,2
U959-1|||1|1|||3|4|3|3|0|0|0|0|0,8|2|2,5|7|1,25|4|||1|1|4,5|7|0|0|0,5|1|||17,55
U960-1|||1|1|||1|1|2|2|0|0|0|0|||0|0|0|0|||||0|0|0|0|0|0|||4
U960-2|||1|1|||2|2|2|2|0|0|0|0|||0|0|0|0|||||0|0|0|0|0|0|||5
U960-3|||1|1|||2|2|3|3|0|0|0|0|||0|0|0|0|||||2|2|0|0|1|1|||9
U960-4|2|2|||||3|3|4|4|0|0|0|0|||0|0|0|0|||||0|0|0|0|1|1|||10
U960-5|||2|2|||1|1|5|5|0|0|0|0|||0|0|0|0|||||0|0|0|0|1|1|||9
U960-6|1|1|||||1|1|5|5|0|0|0|0|||0|0|1|1|||||1|1|0|0|0|0|||9
U960-7|||||||0|0|0|0|0|0|2|2|||0|0|0|0|||||1,5|2|0|0|0|0|||3,5
U960-8|1|1|||||0|0|0|0|0|0|0|0|||0|0|0|0|||||0|0|0|0|0|0|||1
U965-1|||1|1|||0|0|6|6|0|0|1|1|0,25|1|6,4|14|10,6|12|||||1|1|0|0|0|0|||26,25
U967-1|||||||1|1|3|3|0|0|0|0|1,5|3|0,3|1|2|3|||||3|3|0|0|0|0|||10,8
U967-11|||||||0|0|0|0|0|0|1|1|||0|0|0|0|||||0|0|0|0|0|0|||1
U967-2|2|2|||||1|1|3|3|0|0|0|0|1|2|0|0|1|1|||||1|1|1|1|0|0|||10
U967-3|||||||0|0|3|3|0|0|0|0|||0|0|5|5|||||2|2|0|0|1|1|||11
U967-4|2|2|||||1|1|2|2|0|0|1|1|0,5|1|0|0|7|7|||||1|1|0|0|0|0|||14,5
U967-5|||||||0|0|3|3|0|0|1|1|||0|0|3|3|||||1|1|0|0|0|0|||8
U967-6|||||||0|0|2|2|1|1|1|1|||0|0|2|2|||||0|0|0|0|0|0|||6
U967-7|||||||0|0|1|1|0|0|0|0|||0|0|1|1|||||1|1|0|0|1|1|||4
U967-8|||||||0|0|1|1|0|0|0|0|||0|0|3|3|||||3|3|0|0|1|1|||8
U967-9|||||||0|0|2|2|0|0|0|0|||0|0|7|7|||||1|1|0|0|0|0|||10
U968-1|1|1|1,2|2|||1|1|3|3|1|1|0|0|0,5|1|0,5|2|0|0|||2|2|2|2|0|0|0|0|||12,2
U968-10|1|1|||||1|1|3|3|0|0|0|0|||0|0|0|0|||||5|5|0|0|1|1|||11
U968-11|||1|1|||2|2|1|1|0|0|0|0|||0|0|0|0|||||2|2|0|0|0|0|||6
U968-12|1|1|||||0|0|3|3|0|0|0|0|0,5|1|0|0|0|0|||1|1|1|1|0|0|0|0|||6,5
U968-13|||||||0|0|0|0|0|0|0|0|||0,5|1|0|0|||||0|0|0|0|0|0|||0,5
U968-14|0,95|1|||||0|0|0|0|0|0|0|0|||0,5|1|1|1|1|1|||4|4|0|0|1|1|||8,45
U968-15|||1|1|||1|1|0|0|0|0|0|0|||0|0|0|0|||||3|3|0|0|0|0|||5
U968-2|1|1|||||3|3|2|2|0|0|0|0|||0|0|0|0|||||2|2|0|0|0|0|||8
U968-3|1|1|1|1|||1|1|0|0|0|0|0|0|0,5|1|1,45|3|0|0|||||0|0|0|0|0|0|||4,95
U968-4|3|3|1|1|||0|0|3|3|0|0|0|0|||0,2|1|0|0|||||2|2|0|0|0|0|||9,2
U968-5|1|1|||||0|0|3|3|2|2|0|0|||0,2|1|0|0|||||4|4|0|0|0|0|||10,2
U968-6|||1|1|||1|1|1|1|0|0|0|0|||0|0|0|0|||||2|2|0|0|0|0|||5
U968-7|1,9|2|||||4|4|3|3|0|0|1|1|0,5|1|0|0|0|0|||||8|8|0|0|0|0|1|1|19,4
U968-8|||1|1|||6|6|14|14|1|1|0|0|2|4|0|0|0|0|||1|1|3|3|0|0|0|0|||28
U968-9|||||||0|0|0|0|0|0|0|0|||0,5|1|0|0|||||0|0|0|0|0|0|||0,5
U970-1|2|2|1|1|||0|0|2|2|0|0|2|2|||0,8|3|0|0|||||1,8|2|0|0|3|3|||12,6
U970-12|1|1|||||0|0|1|1|0|0|2|2|||1,65|6|1|1|||||0,8|1|0|0|0|0|||7,45
U970-13|3|3|||||1|1|2|2|0|0|0|0|||0,6|2|0|0|||||0,8|1|0|0|1|1|||8,4
U970-14|||||||0|0|0|0|0|0|1|1|||1,5|5|1|1|||||0|0|0|0|0|0|||3,5
U970-15|1|1|||||0|0|0|0|0|0|0|0|||0|0|0|0|||||0|0|0|0|0|0|||1
U970-2|||||||0|0|5|5|0|0|1|1|||4,1|14|0|0|||3|3|1|1|0|0|2|2|||16,1
U970-3|1|1|||||0|0|2|2|0|0|2|2|||2,55|10|1|1|||1|1|0|0|0|0|2|2|||11,55
U970-4|1|1|||||1|1|1|1|0|0|0|0|||9,45|23|0|0|||||1,8|2|0|0|4,8|5|1,4|2|20,45
U970-5|4|4|||||0|0|3|3|0|0|1|1|||2,1|5|0|0|||||1,8|2|0|0|3|3|||14,9
U970-6|1|1|||||0|0|3|3|0|0|1|1|0,5|1|1,25|5|0|0|||||4|4|0|0|1|1|||11,75
U970-7|||||||0|0|1|1|0|0|2|2|||1,4|5|0,2|1|||||1|1|0|0|0|0|||5,6
U970-8|3|3|||||0|0|3|3|0|0|1|1|||0,6|2|1|1|||||1|1|0|0|1|1|||10,6
U970-9|1|1|||||0|0|4|4|0|0|1|1|0,5|1|4,65|13|0,5|1|||1|1|2,1|3|0|0|1|1|||15,75
U973-1|||1|1|||0|0|4|4|0|0|0|0|3|6|0|0|0,5|1|||||1|1|0|0|0|0|||9,5
U973-2|2|2|||||0|0|1|1|0|0|2|2|||0|0|0|0|||||1|1|0|0|0|0|||6
U973-3|1|1|||||0|0|1|1|0|0|0|0|1|2|0|0|0|0|1|1|1|1|0|0|0|0|1|1|||6
U974-1|4|4|||||1|1|3|3|0|0|1|1|0,1|1|0,4|4|1,5|2|||||3,2|4|0|0|0|0|||14,2
U974-2|2|2|||||1|1|3|3|0|0|1|1|||0|0|2|2|||||1|1|0|0|0|0|||10
U974-3|2|2|3|3|||2|2|5|5|1|1|0|0|||0,4|2|1|1|||||1|1|0|0|0|0|||15,4
U974-4|3|3|1|1|||0|0|2|2|0|0|0|0|0,5|1|0|0|0|1|||||1|1|1|1|2|2|||10,5
U974-5|||1|1|||0|0|3|3|0|0|0|0|||0|0|2|2|||||4|4|0|0|1|1|||11
U974-6|1|1|||||1|1|3|3|0|0|0|0|||0|0|0|0|||||3|3|0|0|0|0|||8
U974-7|||1|1|||0|0|3|3|0|0|0,05|1|||0|0|1|2|||||1|1|0|0|1|1|||7,05
U974-8|||||||3|3|2|2|0|0|0|0|||0,8|4|1|1|||||1|1|0|0|0|0|||7,8
U976-1|4|4|2|2|||0|0|0|0|1|1|1|1|||0,6|2|0,3|3|||||3,6|4|0|0|0|0|||12,5
U976-2|2|2|||||0|0|0|0|0|0|0|0|||1,8|6|0|0|||||4|4|0|0|0|0|||7,8
U976-3|3|3|||||0|0|2|2|0|0|0|0|||1,5|5|0|0|1|1|||4|4|0|0|0|0|||11,5
U978-1|3|3|||||1|1|4|4|0|0|0|0|2|4|1,4|7|0|0|||1|1|3|3|0|0|0|0|||15,4
U979-1|2|2|3|3|||0|0|6|6|1|1|4|4|3,5|7|0|0|1|1|||1|1|0|0|0|0|0|0|||21,5
U979-2|1|1|||||0|0|0|0|0|0|0|0|||0|0|0|0|||||0|0|0|0|0|0|||1
U981-1|3|3|2|2|||10|10|8|8|0|0|1|1|1|2|7,25|8|3|3|||||21|21|0|0|2|2|1|1|59,25
U981-2|1|1|1|1|||0|0|1|1|0|0|0|0|||0|0|0|0|||||1|1|0|0|0|0|||4
U981-3|||||||2|2|1|1|0|0|0|0|||0|0|0|0|||||1|1|0|0|1|1|||5
U981-4|||||||0|0|0|0|0|0|0|0|||1|1|0|0|||||0|0|0|0|0|0|||1
U987-1|1|1|||||0|0|1|1|0|0|1|1|||3,1|8|0|0|1|1|||2|2|0|0|0|0|||9,1
U988-1|9,8|10|9|9|||8|8|24|24|0|0|1|1|5|10|0|0|2|7|2|2|||9,8|10|0|0|1|1|||71,6
U992-1|2|2|||||8|8|6|6|0|0|2|2|1|1|0,3|1|1|1|1|1|||2|2|0|0|4|4|||27,3
U992-2|0,8|1|1|1|||1|1|0|0|0|0|0|0|||0|0|0|0|||||2|2|0|0|0|0|||4,8
U992-3|1|1|1|1|||1|1|1|1|0|0|0|0|||0|0|0,5|1|0,5|1|||0,8|1|0|0|0|0|||5,8
U992-4|||||||0|0|3|3|0|0|0|0|||0|0|1|1|1|1|||0|0|0|0|0|0|||5
U992-5|1|1|||||0|0|0|0|0|0|0|0|||0|0|0|0|||||0|0|0|0|0|0|||1
U993-1|1|1|1|1|2|2|7|7|4|4|0|0|0|0|||0|0|0|1|||||3|3|0|0|0|0|||18
U994-1|1|1|||||2|2|0|0|0|0|0|0|||0|0|1|1|||||3|3|0|0|0|0|||7
U995-1|||||||0|0|3|3|0|0|0|0|0,5|1|2,15|8|0|0|||2|2|1|1|0|0|0|0|||8,65
U995-2|||||||0|0|4|4|0|0|0|0|5|9|0|0|0,5|1|||3|3|2,8|3|0|0|0|0|0,9|1|16,2
U995-3|5|5|||||1|1|8|8|0|0|0|0|3,25|7|5,6|16|2|3|||1|1|15,8|17|0|0|3|3|||44,65
U995-4|||||||0|0|0|0|0,3|1|0|0|||2,8|6|0|1|||1|1|4,5|5|0|0|0|0|||8,6
U996-1|3|3|||||1|1|6|6|0|0|0|0|1|2|1,35|5|1|2|||||0|0|0|0|2|2|||15,35
U996-2|||||||0|0|5|5|0|0|0|0|1,5|3|1,2|4|0|0|||||4,5|5|0|0|1|1|||13,2
U996-3|1|1|||||0|0|2|2|0|0|2|2|0,5|1|1,2|5|0|0|||||0|0|0|0|1|1|||7,7
U997-1|1|1|23|23|||9|9|1,5|2|0|0|1|1|13,5|27|0,6|2|3|4|||||5,8|6|0|0|0|0|||58,4
U999-1|4|4|0,5|1|||2|2|6|6|1|1|2|2|0,5|1|2,1|4|2|3|||1|1|3|3|0|0|1|1|||25,1
U999-2|||||||0|0|1,5|2|0|0|0|0|||8,3|22|5|5|||0,75|1|4|4|0|0|0|0|||19,55
U1000-1|3,3|4|||||0,2|1|3|3|0|0|1|1|||0,35|2|3,15|4|||1|1|0,7|1|0|0|2|2|||14,7
U1001-1|||1|1|||0|0|2|2|0|0|0|0|||0,3|1|0|0|1|1|||3,8|4|0|0|0|0|||8,1
U1001-2|2|2|||||3|3|3|3|0|0|1|1|||0|0|0|0|1|1|||3,8|4|0|0|0|0|||13,8
U1003-1|3|3|||||0|0|5|5|0|0|0|0|4|7|0,6|2|0|0|1|1|||3|3|0|0|0|0|||16,6
U1007-1|1|1|2|2|||2|2|2,5|3|0|0|0|0|0,5|1|1,15|5|0|0|||||4|4|0|0|0|0|||13,15
U1008-1|||||||0|0|16|16|0|0|0|0|4|8|2,1|5|1|2|||1|1|3|4|0|0|0|0|||27,1
U1011-1|1|1|||||2|2|10,5|11|0|0|1|1|4,9|10|2,7|6|0|0|||1|1|7,8|8|0|0|3|3|||33,9
U1011-2|||||||0|0|1|1|0|0|1|1|1|2|4,7|11|2,2|4|||||4,95|9|0|0|0|0|||14,85
U1011-3|1|1|||||1|1|2|2|0|0|2|2|0,5|1|0,2|1|1|1|1|1|||2|2|1|1|2|2|||13,7
U1011-4|1|1|1|1|||4|4|0|0|0|0|2|2|1|2|0|0|0|0|1|1|||4|4|0|0|0|0|||14
U1015-1|||||||1|1|0|0|1|1|1|1|||0,65|2|0|0|||||1,5|2|0|0|0|0|||5,15
U1015-2|||||||0|0|0|0|1|1|0|0|||0|0|0|0|||||1|1|0|0|0|0|||2
U1016-1|||1|1|||1|1|2|2|0|0|0|0|||0|0|0|0|||||1|1|0|0|1|1|||6
U1016-10|2|2|1,8|2|||1|1|1|1|0|0|1|1|||0,2|1|0|0|||||3|3|0|0|0|0|||10
U1016-11|2|2|5|5|||0|0|2|2|0|0|1|1|||0|0|0|0|||||3|3|0|0|1|1|||14
U1016-12|1|1|1|1|||0|0|1|1|0|0|1|1|||0,95|4|0|0|||||3|3|0|0|0|0|||7,95
U1016-13|||2|2|||0|0|2|2|0|0|2|2|||0|0|0|0|||||0|0|0|0|0|0|||6
U1016-14|1|1|1|1|||1|1|1|1|0|0|1|1|||0|0|0|0|||||0|0|0|0|1|1|||6
U1016-15|1|1|2|2|||0|0|2|2|0|0|1|1|||3,2|8|0|0|||||1|1|0|0|1|1|||11,2
U1016-16|2|2|2|2|||1|1|3|3|0|0|0|0|||0,3|1|0|0|||||2|2|0|0|1|1|||11,3
U1016-17|1|1|3|3|||0|0|3|3|0|0|0|0|0,5|1|0,3|1|0|0|||||2|2|0|0|1|1|||10,8
U1016-18|4|4|||||2|2|3|3|0|0|1|1|||0,3|1|0|0|||||1|1|0|0|1|1|||12,3
U1016-19|2|2|1|1|||1|1|2|2|0|0|0|0|||0|0|0|0|||||1,75|2|0|0|0|0|||7,75
U1016-2|2|2|2|2|||2|2|2|2|0|0|1|1|||0|0|0|0|||||1|1|0|0|1|1|||11
U1016-20|2|2|1|1|||0|0|0|0|0|0|0|0|||0|0|0|0|1|1|||1|1|0|0|0|0|||5
U1016-21|2|2|2|2|||1|1|0|0|0|0|1|1|0,5|1|1,2|4|0|0|||||4|4|0|0|4,5|5|||16,2
U1016-22|2|2|1|1|||1|1|2|2|0|0|5|5|||0,5|2|0|0|||||3|3|0|0|2|2|||16,5
U1016-23|2|2|||||0|0|3|3|0|0|1|1|0,5|1|0|0|0|0|||||1|1|0|0|0|0|||7,5
U1016-24|4|4|1|1|||0|0|6|6|0|0|1|1|||0,3|1|0|0|||||1,9|2|0|0|1|1|||15,2
U1016-25|1|1|||||0|0|0|0|0|0|0|0|||0,9|3|0|0|||||2|2|0|0|0|0|||3,9
U1016-26|3|3|1|1|||0|0|2|2|0|0|1|1|||0|0|0|0|||1|1|1,8|2|0|0|0|0|||9,8
U1016-27|||2|2|||0|0|1|1|0|0|0|0|||0|0|0|0|||1|1|1|1|0|0|0|0|||5
U1016-28|3,7|4|2|2|||0|0|5|5|0|0|1|1|0,5|1|1,95|7|0|1|1|1|||1,8|2|0|0|0,5|1|||17,45
U1016-29|3|3|3|3|||0|0|10|10|0|0|1|1|||1,8|6|1|1|1|1|1|1|0|0|0|0|4|4|||25,8
U1016-3|||1|1|||0|0|1|1|0|0|1|1|||0,3|1|0|0|||||3|3|0|0|0|0|||6,3
U1016-30|||||||0|0|2|2|0|0|0|0|0,5|1|4,4|10|1|1|||1|1|2,5|3|0|0|1|1|||12,4
U1016-31|1|1|||||0|0|0|0|0|0|0|0|||0|0|0|0|||||0|0|0|0|0|0|||1
U1016-32|||||||2|2|3|3|0|0|0|0|0,5|1|0,8|2|0|0|||||1|1|0|0|1|1|||8,3
U1016-33|||1|1|||0|0|1|1|0|0|1|1|||0|0|0|0|||||1|1|0|0|1|1|||5
U1016-35|1|1|||||0|0|1|1|0|0|0|0|||0|0|0|0|1|1|||0|0|0|0|3|3|||6
U1016-36|||||||0|0|0|0|0|0|1|1|||0|0|0|0|||||0|0|0|0|0|0|||1
U1016-37|1|1|||||0|0|1|1|0|0|1|1|||0|0|0|0|||||0|0|0|0|1|1|||4
U1016-4|||1|1|||2|2|0|0|0|0|0|0|||0,6|2|0|0|||||1|1|0|0|0|0|||4,6
U1016-5|||||||0|0|2|2|0|0|0|0|||0,9|3|0,5|1|||||1|1|0|0|0|0|||4,4
U1016-6|1|1|1,5|2|||0|0|2|2|0|0|0|0|||0|0|0|0|||||2|2|0|0|0|0|||6,5
U1016-7|1|1|1|1|||0|0|1|1|0|0|0|0|||0,9|3|0|0|||||3|3|0|0|0|0|||6,9
U1016-8|1|1|1|1|||0|0|0|0|0|0|1|1|0,5|1|0,3|1|0|0|||||1,8|2|0|0|0|0|||5,6
U1016-9|||2|2|||1|1|2|2|0|0|0|0|||0|0|0|0|||||1|1|0|0|0|0|||6
U1018-1|||||||2|2|9|9|0|0|0|0|0,7|2|6,05|7|6,5|7|||||1|1|0|0|0|0|||25,25
U1018-2|2,7|3|||||1|1|2|2|0,4|1|3|3|||2|2|2,7|3|1|1|||3|3|0|0|2,5|3|||20,3
U1018-3|2|2|||0,8|1|0|0|2|2|0|0|0|0|||3,65|10|2|2|2|2|||12|12|4|4|12|12|1|1|41,45
U1018-4|1|1|||||1|1|4|4|0|0|0|0|||3,55|14|1|4|1|1|||2|2|0|0|0|0|||13,55
U1018-5|3|3|||||0|0|4,5|5|0|0|1|1|||0,6|2|0|0|||||3|3|0|0|9|9|||21,1
U1018-6|2,5|3|||0,4|2|2|2|8|9|0|0|1,2|2|1,1|4|0,1|1|0,7|3|||||1|1|0|0|0|0|||17
U1018-7|4|4|||||0|0|3|3|0|0|1|1|||0|0|0|0|||||1|1|1|1|1|1|||11
U1018-8|4|4|||||1|1|8|8|1|1|1|1|||0,5|3|4,2|5|1|1|||12,8|13|1|1|5|5|||39,5
U1019-1|||1|1|||0|0|1|1|0|0|0|0|0,5|1|0|0|0|0|||||2|2|0|0|0|0|||4,5
U1019-11|1|1|1|1|||0|0|0|0|0|0|0|0|||0,3|1|0|0|||||2,9|3|0|0|0|0|||5,2
U1019-12|4|4|2|2|||1|1|4|4|0|0|2|2|0,5|1|0,7|3|0|0|||||4,8|5|0|0|0|0|||19
U1019-13|2,8|3|1|1|||0|0|3|3|0|0|0|0|0,5|1|1,5|8|1|1|||||4,8|5|0|0|0|0|||14,6
U1019-16|1|1|||1|1|1|1|0|0|0|0|0|0|||0|0|0|0|||||1|1|1|1|0|0|||5
U1019-5|||6|6|||1|1|4|4|0|0|0|0|1|2|0,3|1|0|0|0,9|1|1|1|3|3|0|0|1|1|||18,2
U1019-6|2|2|||||1|1|1|1|0|0|0|0|0,5|1|0,6|2|0|0|||||2|2|0|0|0|0|||7,1
U1019-7|1|1|||||2|2|0|0|0|0|2|2|||0|0|0|0|||||3|3|0|0|1|1|||9
U1019-8|4,5|5|3|3|1|1|4|4|3|3|0|0|0|0|0,5|1|0,3|1|0|0|1|1|1|1|3|3|0|0|2|2|||23,3
U1019-9|1|1|0,6|1|||0|0|1|1|0|0|1|1|0,85|2|0|0|0|0|1|1|1|1|3|3|0|0|1|1|||10,45
U1021-1|2,7|3|1|1|||0|0|2|2|0|0|0|0|||0|0|0|0|||||1|1|0|0|1|1|||7,7
U1021-2|1|1|1|1|||1|1|3|3|0|0|1|1|0,5|1|0,5|1|1|2|||||0|0|1|1|0|0|||10
U1021-3|2|2|||||0|0|1|1|0|0|0|0|0,5|1|0|0|0|0|||1|1|1|1|0|0|0|0|||5,5
U1021-5|||||||1|1|3|3|0|0|0|0|1|2|0,5|1|0|0|||||1|1|0|0|0|0|||6,5
U1021-6|||3|3|||0|0|5|5|0|0|1|1|0,5|1|0,7|2|1,2|3|||1|1|3|3|0|0|2|2|||17,4
U1021-7|||1|1|||3|3|2|2|0|0|0|0|||0|0|0|0|||||1|1|0|0|0|0|||7
U1021-8|||||||0|0|0|0|0|0|2|2|||0|0|0|0|||||0|0|0|0|0|0|||2
U1022-1|||3|3|||0|0|5|5|0|0|0|0|3,5|7|0|0|0|0|||||0|0|0|0|0|0|||11,5
U1022-2|||2|2|||0|0|7|7|0|0|0|0|3|6|0,3|1|0,5|1|||||1,8|2|0|0|1|1|||15,6
U1022-3|||2,5|3|||0|0|2|2|0|0|0|0|4|8|0,6|2|0,5|2|||||1,5|2|0|0|0|0|||11,1
U1022-4|||||||0|0|0|0|0|0|0|0|0,5|1|0,2|1|0,5|1|||||2|2|0|0|0|0|||3,2
U1023-1|1,8|2|1|1|1|1|2|2|7|7|0|0|0,3|1|||1|4|12,1|14|1|1|1|1|13,2|16|1|1|1|1|||43,4
U1024-1|||2|2|||0|0|1|1|0|0|0|0|||0|0|0|0|||||0,8|1|0|0|0|0|||3,8
U1024-10|||1|1|||0|0|3|3|0|0|0|0|||0|0|0|1|||||1|1|0|0|1|1|||6
U1024-11|||1|1|||0|0|0|0|0|0|0|0|0,5|1|0|0|0|0|||||1|1|0|0|1|1|||3,5
U1024-12|1|1|1|1|||0|0|1|1|0|0|1|1|||0|0|0|0|||||0,8|1|0|0|0|0|||4,8
U1024-13|1|1|2|2|||0|0|3|3|0|0|0|0|||0|0|0,5|1|||1|1|0|0|0|0|0|0|||7,5
U1024-14|3|3|1|1|||0|0|0|0|0|0|0|0|||0|0|0|0|||||1|1|0|0|0|0|||5
U1024-15|1|1|||||1|1|2|2|0|0|1|1|||0|0|0|0|||||0|0|0|0|1|1|||6
U1024-16|3|3|1|1|||3|3|3|3|0|0|2|2|0,5|1|0|0|0|0|1|1|||1|1|0|0|0|0|||14,5
U1024-17|||1|1|||0|0|2|2|0|0|1|1|0,5|1|0|0|0|0|||||1|1|0|0|0|0|||5,5
U1024-18|||1|1|||0|0|0|0|0|0|0|0|||0|0|0|0|||||0|0|0|0|0|0|||1
U1024-19|||||||1|1|2|2|0|0|1|1|0,5|1|0|0|0|0|||||1|1|0|0|0|0|||5,5
U1024-2|||1|1|||0|0|0|0|0|0|0|0|||0|0|0|0|||||0|0|0|0|0|0|||1
U1024-20|1|1|1|1|||0|0|4|4|0|0|0|0|||0|0|0|0|||||0|0|0|0|0|0|||6
U1024-21|2|2|||||0|0|2|2|0|0|4|4|0,5|1|0|0|0|0|||1|1|0|0|0|0|0|0|||9,5
U1024-22|2|2|1|1|||2|2|3|3|0|0|0|0|||0|0|0|0|||||1|1|1|1|1|1|||11
U1024-23|||||||1|1|1|1|0|0|0|0|2|4|0|0|0|0|||||0|0|0|0|2|2|||6
U1024-24|||2|2|||2|2|2|2|0|0|3|3|0,5|1|0|0|0|0|||||0|0|0|0|3|3|||12,5
U1024-25|||||1|1|0|0|0,5|1|0|0|2|2|||0|0|0|0|||||0|0|0|0|1|1|||4,5
U1024-3|||3|3|||1|1|4|4|0|0|0|0|||0|0|0|0|||||1|1|0|0|1|1|||10
U1024-4|||3|3|||2|2|4|4|0|0|6|6|1|2|0|0|0|1|||||1|1|3|3|1|1|||21
U1024-5|1|1|2|2|||0|0|1|1|0|0|1|1|0|1|0|0|0|0|||||0|0|1|1|2|2|||8
U1024-6|||3|3|||1|1|2|2|0|0|0|0|0,5|1|0|0|0|0|||||1|1|0|0|1|1|||8,5
U1024-7|3|3|||||1|1|1|1|0|0|1|1|||0|0|0|0|||||0|0|0|0|0|0|||6
U1024-8|2|2|||||1|1|1|1|0|0|1|1|||0|0|0|0|||||1|1|0|0|1|1|||7
U1024-9|2|2|1|1|||1|1|1|1|0|0|3|3|||0|0|0|0|||||1|1|0|0|0|0|||9
U1026-1|4|4|2|2|||0|0|9|9|0|0|0|0|1,5|3|4,5|13|3,3|4|1|1|1|1|6,4|8|3|3|0|0|0,4|1|36,1
U1027-1|||||||2,5|3|10|10|0|0|0,1|1|0,2|1|6,55|20|4,6|7|||||0,5|1|1|1|0|0|||25,45
U1027-2|1|1|||||3|3|4|4|0,5|1|1,5|2|||2,8|11|1,3|2|||1|1|2,2|3|0|0|0|0|||17,3
U1027-3|1|1|||||0|0|5|5|0,5|1|1|1|1|2|1,1|4|1|3|||0,5|1|2,5|3|0|0|1|1|||14,6
U1027-4|2|2|||||2|2|2|2|0|0|1|1|0,3|1|3,7|14|2|2|||0,5|1|2|2|0|0|1|1|||16,5
U1028-1|7,8|8|2|2|||2|2|19,5|20|0|0|4|4|1,5|3|3,5|8|1,2|3|2,8|3|1|1|8,5|9|1|1|11|11|||65,8
U1028-10|1|1|||||0|0|0|0|0|0|0|0|||0|0|0|0|||||0|0|0|0|0|0|||1
U1028-11|||2|2|||0|0|2|2|0|0|0|0|||2,5|6|0,25|1|||||2|2|0|0|0|0|||8,75
U1028-12|||4|4|||0|0|1|1|0|0|0|0|||0|0|0|0|||||1|1|0|0|0|0|||6
U1028-13|1|1|||||0|0|2|2|0|0|1|1|||0,8|3|0|0|||||1,8|2|0|0|3|3|||9,6
U1028-14|1|1|||||0|0|1|1|0|0|0|0|||2,7|7|0|0|||||1|1|0|0|2|2|||7,7
U1028-15|1|1|||||0|0|0|0|0|0|0|0|||0|0|0|0|||||0|0|0|0|0|0|||1
U1028-2|||4|4|||1|1|4|4|1|1|0|0|1,5|3|0|0|1|1|||2,6|3|4,4|5|0|0|0|0|||19,5
U1028-3|2|2|||||0|0|2|2|0|0|1|1|||3,15|13|0|0|||1|1|1,3|3|0|0|1|1|||11,45
U1028-4|||10,6|11|||0|0|0|0|1|1|0|0|2|4|0|0|0|2|||2,6|3|4,4|5|0|0|1|1|||21,6
U1028-5|5|5|1|1|||3|3|3|3|0|0|1|1|||1,7|7|0|0|||1|1|6,8|7|0|0|0|0|||22,5
U1028-6|1|1|4|4|||0|0|4|4|0|0|0|0|||0|0|0|0|||1|1|3,8|4|0|0|0|0|||13,8
U1028-7|2|2|6|6|||1|1|10|10|1|1|2|2|1,5|3|3,45|9|3,2|4|2|2|||7|7|0|0|1,5|2|||40,65
U1028-8|1|1|1|1|||0|0|4|4|0|0|1|1|1,5|3|3,5|5|1|1|||||4|4|0|0|0|0|||17
U1028-9|||3|3|||0|0|1|1|1|1|1|1|0,5|1|0,35|1|0|0|||2,6|3|3,6|4|0|0|0|0|||13,05
U1029-1|4|4|||||2|2|2|2|0|0|4|4|3|5|1,3|5|0|0|||1|1|4|4|0|0|3|3|||24,3
U1030-1|1|1|1|1|||3|3|5|5|0|0|2,5|3|0,5|1|2,4|8|2|2|||||5|5|0|0|0|0|||22,4
U1031-1|1|1|4|4|||1|1|3|3|0|0|0|0|2,5|5|0,6|2|0|0|1|1|0,8|1|5,1|6|0|0|2|2|||21
U1031-2|1|1|||||1|1|1|1|0|0|0|0|||0|0|4,1|5|||||3|3|0|0|0|0|||10,1
U1032-1|6|6|1|1|||1|1|14|14|0|0|2|2|1,5|3|3,05|12|3,35|5|1|1|||6,65|7|0|0|1|1|||40,55
U1033-1|3|3|||||0|0|0|0|0|0|0|0|||2,8|9|1,3|4|1,9|2|||7,8|8|0|0|0|0|||16,8
U1033-2|2|2|2|2|||1|1|4|4|0|0|0|0|0,5|1|0,9|4|1|1|||||3,8|4|0|0|0|0|||15,2
U1033-3|1|1|1|1|||0|0|1|1|0|0|0|0|||0,3|1|0|0|||||2|2|0|0|0|0|||5,3
U1034-1|3|3|||||0|0|2|2|0|0|0|0|3|6|2,75|13|0,1|1|||||4,65|6|0|0|2|2|||17,5
U1035-1|||||||0|0|2|2|0|0|0|0|||3,4|9|0|2|||||3,7|4|0|0|0|0|||9,1
U1035-2|1|1|||||0|0|2|2|0|0|0|0|1,5|3|6,3|10|3|3|||||5|5|0|0|0|0|||18,8
U1035-3|||||||0|0|1|1|0|0|0|0|1|2|0,3|1|0|0|||||2|2|0|0|0|0|||4,3
U1035-4|1|1|||||0|0|1|1|1|1|0|0|||5|8|0|0|||||2|2|0|0|0|0|||10
U1035-5|1|1|1|1|||1|1|1|1|0|0|0|0|3|6|0|0|0|0|||||1|1|0|0|1|1|||9
U1036-1|||2|2|1|1|1|1|5|5|0|0|0|0|0,5|1|0|0|2|2|||||3|3|0|0|1|1|||15,5
U1036-2|3|3|||||0|0|2|2|0|0|0|0|1|2|0|0|0|0|1|1|||1,8|2|0|0|0|0|||8,8
U1036-3|3|3|1|1|||1|1|2|2|0|0|0|0|||1,2|4|1|2|||||2,9|3|0|0|1|1|||13,1
U1037-10|3|3|||||0|0|4|4|0|0|0|0|||2,6|8|0|0|||||1,5|2|0|0|1|1|||12,1
U1037-11|1|1|||||0|0|2|2|0|0|1|1|1|2|1,5|5|0,8|2|1|1|||2|2|0|0|0|0|||10,3
U1037-12|1|1|1|1|||2|2|2|2|0|0|2|2|||1,6|4|0|1|||||1,3|2|0|0|0|0|||10,9
U1037-13|1|1|||||0|0|0|0|0|0|0|0|||1,5|5|1|1|||||6|6|0|0|1|1|||10,5
U1037-14|1|1|1|1|||0|0|4|4|0|0|2|2|0,5|1|1,4|4|0,3|1|||||0|0|0|0|0|0|||10,2
U1037-15|||||||0|0|2|2|0|0|1|1|1|2|1,3|3|2|2|||||5|5|0|0|0|0|||12,3
U1037-16|1|1|||||0|0|0|0|0|0|0|0|||1,1|3|0|0|||||1|1|0|0|5|5|||8,1
U1037-17|2|2|||||1|1|5|5|0|0|1|1|||1,2|4|0|0|||||1|1|1|1|2|2|||14,2
U1037-18|1|1|||||0|0|2|2|0|0|1|1|1|2|0|0|0|0|||||1|1|0|0|0|0|||6
U1037-2|2|2|2|2|||0|0|1|1|0|0|1|1|||0,3|1|1,5|2|||1|1|0|0|0|0|1|1|||9,8
U1037-3|2|2|||||0|0|2|2|0|0|2|2|2,5|5|2,2|5|1|2|||||4|6|0|0|1|1|||16,7
U1037-4|1|1|1|1|||0|0|6|6|0|0|1|1|1,5|3|1,1|3|0|0|||||2,4|3|0|0|1|1|||15
U1037-6|4|4|||||0|0|2|2|0|0|1|1|1|2|0,6|2|0|0|||||2|2|1|1|1|1|||12,6
U1037-7|1,9|2|1|1|||0|0|4|4|0|0|1|1|0,5|1|1,3|3|0|0|||||3|3|0|0|2|2|||14,7
U1037-8|1|1|5|5|||0|0|4|4|0|0|0|0|||0,6|2|0|0|||||0|0|0|0|1|1|||11,6
U1037-9|2|2|2|2|||1|1|1|1|0|0|2|2|||0,6|2|0|0|||||1,9|2|0|0|3|3|||13,5
U1038-1|||2|2|||1|1|2|2|0|0|0|0|||0|0|2,8|3|||1|1|10,8|11|0|0|0|0|||19,6
U1038-2|1|1|||||0|0|1|1|0|0|0|0|||0|0|3|3|||||5|5|0|0|0|0|||10
U1038-3|||2|2|||1|1|0|0|0|0|1|1|||0|0|8,8|9|2,8|3|||9,6|10|0|0|5|5|||30,2
U1039-1|4,8|5|||||1|1|2|2|0|0|1|1|0,5|1|5,2|16|2|2|||||3|3|0|0|0|0|||19,5
U1041-1|||||1|1|2|2|1|1|0|0|0|0|1|1|0|0|0|0|||||2|2|0|0|0|0|||7
U1042-1|3|3|||||0|0|0|0|0|0|0,5|1|5,8|12|7,1|23|5|5|1|1|||4|4|0|0|0|0|||26,4
U1043-1|||1|1|||1|1|3|3|0|0|0|0|1|2|0|0|0|0|||||1|1|0|0|2|2|||9
U1043-10|2|2|||||0|0|2|2|0|0|0,5|1|||0|0|0|0|||||1|1|0|0|0|0|||5,5
U1043-11|||||||0|0|0|0|0|0|1|1|||0|0|0|0|||||0|0|0|0|0|0|||1
U1043-3|4|4|1|1|||0|0|1|1|0|0|0|0|||0|0|0|0|||||0,9|1|0|0|1|1|||7,9
U1043-4|2|2|||||1|1|2|2|0|0|0|0|||0|0|0|0|||||1,8|2|0|0|4|4|||10,8
U1043-5|1|1|3|3|||2|2|4|4|0|0|3|3|||1,9|5|0|0|1|1|||2,8|3|0|0|3|3|||21,7
U1043-6|1|1|2|2|||1|1|3|3|0|0|2|2|1,5|3|2,8|8|0|0|||||1,9|3|0|0|0|0|||15,2
U1043-7|1|1|2|2|||1|1|1|1|0|0|0|0|0,5|1|1,1|3|0|0|||||3|3|0|0|0|0|||9,6
U1043-8|1|1|||||0|0|3|3|0|0|1|1|||0,6|2|0|0|||||1|1|0|0|2|2|||8,6
U1043-9|||1|1|||1|1|7|7|0|0|0|0|0,5|1|2,95|9|0|0|||1|1|3,7|6|0|0|0|0|||17,15
U1045-1|2|2|||||2|2|4|4|0|0|0|0|4|8|1,2|3|0|0|||||4,9|5|0|0|0|0|||18,1
U1045-2|||||||2|2|2|2|0|0|0|0|1|2|5,2|15|0|0|||||4|4|0|0|0|0|||14,2
U1045-3|1|1|2|2|||12|12|12|12|0|0|0|0|1|2|6,05|13|0|0|||6|6|17|17|0|0|1|1|||58,05
U1045-4|||||||0|0|0|0|0|0|0|0|||0,3|1|0|0|||||0|0|0|0|0|0|||0,3
U1046-1|2,8|3|2|2|||1|1|4|4|0|0|0|0|1|2|3,8|8|0,5|1|||||0|0|0|0|0|0|||15,1
U1046-2|1|1|4|4|||1|1|8|8|0|0|0|0|||3|10|1|1|||||2|2|0|0|0|0|||20
U1046-3|4|4|1|1|||0|0|2|2|1|1|0|0|3,5|7|5,6|16|0|0|||||3,3|4|0|0|0|0|||20,4
U1046-4|2|2|1|1|||0|0|1|1|0|0|0|0|0,5|1|0|0|0|0|||||0|0|0|0|0|0|||4,5
U1047-1|3|3|||||1|1|3|3|1|1|1|1|0,5|1|1,85|4|1|1|||||0|0|0|0|0|0|||12,35
U1048-1|2|2|||||0|0|1|1|0|0|0|0|||0|0|0|1|||||3|3|0|0|1|1|||7
U1048-10|1|1|1|1|||0|0|0,4|1|0|0|0|0|||1,8|6|0|0|||||7|7|0|0|0|0|||11,2
U1048-11|4|4|1|1|||0|0|2|2|0|0|1|1|0,5|1|1,4|5|0|0|||||3|3|0|0|0|0|||12,9
U1048-12|1,9|2|||||0|0|0|0|0|0|0|0|0,5|1|1,85|6|0|0|||||4|4|0|0|1|1|1|1|10,25
U1048-2|4|4|||||0|0|1|1|0|0|0|0|1|2|0|0|1|1|||||2,8|3|0|0|0|0|||9,8
U1048-3|4|4|1|1|||0|0|4|4|0|0|1|1|1,5|3|0|0|0|0|||0,5|1|1|1|0|0|2|2|||15
U1048-4|2|2|0,5|1|||0|0|3|3|0|0|0|0|2,5|5|1,6|6|0|0|||||3,5|4|0|0|1|1|||14,1
U1048-5|3|3|1|1|||0|0|0|0|0|0|1|1|||0,9|3|1,5|2|||||3|3|0|0|0|0|||10,4
U1048-6|1|1|1|1|||0|0|4|4|0|0|0|0|1,3|3|1,85|4|1|1|||||0,8|1|0|0|0|0|||10,95
U1048-7|2|2|||||0|0|2|2|0|0|0|0|1|2|0,4|1|0|0|||||0,5|1|0|0|0|0|||5,9
U1048-8|2|2|||||0|0|1|1|0|0|0|0|1|2|1,5|5|0|0|||||2|2|0|0|0|0|||7,5
U1048-9|3|3|||||0|0|0,25|1|0|0|1|1|||1,7|5|0|0|||||4,8|5|0|0|0|0|||10,75
U1050-1|1|1|||||0|0|1|1|0|0|0|0|||0|0|0|0|||||0|0|0|0|0|0|||2
U1050-10|||||||1|1|1|1|0|0|0|0|0,5|1|0|0|0|0|||||1|1|0|0|0|0|||3,5
U1050-11|||1|1|||0|0|0|0|0|0|0|0|1,5|3|0|0|0|0|||||0|0|0|0|0|0|||2,5
U1050-12|2|2|2|2|||2|2|1|1|0|0|2|2|||0|0|0|0|||||1|1|0|0|1|1|||11
U1050-13|||||||0|0|0|0|0|0|2|2|||0|0|0|0|||||0|0|0|0|1|1|||3
U1050-14|1|1|2|2|||0|0|1|1|0|0|1|1|||0|0|0|0|||||2|2|0|0|0|0|||7
U1050-15|||2|2|||0|0|2|2|0|0|0|0|0,5|1|0|0|0|1|||||1|1|0|0|0|0|||5,5
U1050-16|||1|1|||0|0|1|1|0|0|0|0|||0|0|0|0|||||1|1|0|0|0|0|||3
U1050-17|||||||0|0|0|0|0|0|1|1|||0|0|0|0|||||0|0|0|0|0|0|||1
U1050-2|3|3|||||0|0|1|1|0|0|0|0|||0|0|0|0|||||2|2|0|0|0|0|||6
U1050-3|||1|1|||0|0|0|0|0|0|0|0|||0|0|0|0|||||0|0|0|0|0|0|||1
U1050-4|||1|1|||0|0|0|0|0|0|0|0|1|2|0|0|0|0|||1|1|2|2|0|0|1|1|||6
U1050-5|2|2|||||0|0|1|1|4|4|1|1|||0|0|0|0|||||2|2|0|0|1|1|||11
U1050-6|1|1|3|3|||1|1|5|5|0|0|2|2|0,5|1|0|0|0|1|||||5|5|0|0|0|0|||17,5
U1050-7|2|2|||||1,95|2|0|0|0|0|0|0|||0|0|0|0|||||0|0|0|0|0|0|||3,95
U1050-8|1|1|||||0|0|0|0|1|1|1|1|||0|0|0|0|||||0,8|1|0|0|0|0|||3,8
U1050-9|||1|1|||1|1|0|0|0|0|1|1|||0|0|0|0|||||0|0|0|0|3|3|||6
U1051-1|4|4|||||0|0|1|1|0|0|1|1|0,5|1|0,5|2|0|0|||||3|3|0|0|3|3|||13
U1051-2|2|2|2|2|||0|0|3|3|0|0|0|0|1,75|3|0,5|3|0,3|1|||||1|1|0|0|0|0|||10,55
U1051-3|2|2|2|2|||0|0|3|3|0|0|0|0|2|4|0,4|4|0|0|1|1|||1|1|0|0|2|2|||13,4
U1051-4|||1|1|||0|0|2|2|0|0|0|0|3,25|7|1,35|5|0|0|||||0|0|0|0|1|1|||8,6
U1051-5|2|2|1|1|||1|1|5|5|0|0|0|0|0,5|1|0,8|6|2|2|||||1|1|0|0|0|0|||13,3
U1051-6|1|1|||||1|1|2|2|0|0|0|0|||0|0|0|0|||||0|0|0|0|1|1|||5
U1051-7|1|1|||||0|0|0|0|0|0|1|1|||0|0|0|0|||||0|0|0|0|0|0|||2
U1051-8|1|1|||||0|0|0|0|0|0|0|0|||0|0|0|0|||||0|0|0|0|0|0|||1
U1052-1|3|3|3|3|||2|2|8|8|0|0|1|1|1,5|3|0,3|1|2|3|||0,5|1|5,6|6|0|0|1|1|||27,9
U1052-10|1|1|1|1|||2|2|2|2|0|0|2|2|||0|0|0|0|||||1|1|0|0|0|0|||9
U1052-11|||||||0|0|5|5|2|2|0|0|0,5|1|1,35|5|0|0|||||3|3|0|0|1|1|||12,85
U1052-12|6|6|2|2|||1|1|9|9|0|0|3|3|||1,2|5|0,5|1|||||5|5|0|0|4|4|0,2|1|31,9
U1052-13|3|3|2|2|||1|1|0|0|0|0|0|0|0,5|1|2,65|11|0|2|||||3|3|0|0|1|1|||13,15
U1052-15|2|2|||||0|0|2|2|0|0|0|0|0,5|1|0,3|1|0,1|1|||||0|0|0|0|2|2|||6,9
U1052-16|1|1|||||1|1|3|3|0|0|1|1|||0|0|0|0|||||1|1|0|0|0|0|||7
U1052-17|||2|2|||0|0|3|3|0|0|0|0|||2,3|3|0|0|1|1|||0,8|1|0|0|2|2|||11,1
U1052-18|2|2|||||1|1|2|2|0|0|1|1|||0|0|0|0|||||0|0|0|0|0|0|||6
U1052-2|6|6|||||8|8|8,5|9|0|0|1|1|2,5|5|4,8|7|1|1|||||5|5|0|0|4|4|||40,8
U1052-22|2|2|2|2|||1|1|1|1|0|0|0|0|||2,4|10|0,2|1|||||4,8|5|0|0|2|2|||15,4
U1052-3|2|2|1|1|||3|3|2|2|0|0|0|0|0,5|1|0|0|0|0|||||1|1|0|0|1|1|||10,5
U1052-4|1|1|||||0|0|3|3|0|0|0|0|1|2|0|0|0|0|||||1,9|2|0|0|0|0|||6,9
U1052-5|2|2|3|3|||0|0|4|4|0|0|1|1|2|3|0,3|1|0|0|||1|1|2|2|0|0|2|2|||17,3
U1052-6|1,9|2|||||0|0|4|4|0|0|1|1|1|2|0,2|1|0,8|2|||||3,2|5|0|0|1|1|||13,1
U1052-7|3|3|1|1|||1|1|3|3|0|0|0|0|2|4|2|7|0|0|||0,5|1|3|3|0|0|1|1|||16,5
U1052-8|3,8|4|1|1|||1|1|6|6|0|0|1|1|||0,4|3|1,5|3|||1|1|2,7|4|0|0|1|1|||19,4
U1052-9|1|1|2,8|3|||0|0|0|0|0|0|1|1|1|2|0,7|3|0|0|||||2,8|3|0|0|3|3|||12,3
U1053-1|2|2|1|1|||1|1|4|4|0|0|1|1|0,5|1|1,1|4|0|1|||1|1|5,6|6|0|0|0|0|||17,2
U1053-2|||||||0|0|2|2|0|0|0|0|0,5|1|2,3|8|0|0|||1|1|3|3|0|0|0|0|||8,8
U1053-3|||||||1|1|0|0|0|0|0|0|1|2|3,45|9|1|2|||||4,4|5|0|0|0|0|||10,85
U1054-1|||3|3|||1|1|0|0|0|0|0|0|0,5|1|0|0|0|0|||2|2|2|2|0|0|0|0|||8,5
U1054-10|||1|1|||0|0|0|0|0|0|0|0|||0|0|0|0|||||0|0|0|0|0|0|||1
U1054-2|1|1|1|1|||2|2|1|1|0|0|1|1|||0|0|0|0|||1|1|1|1|1|1|0|0|||9
U1054-3|1|1|1|1|||0|0|1|1|0|0|0|0|0,5|1|0|0|0|0|||2|2|1|1|0|0|2|2|||8,5
U1054-4|1|1|||||1|1|1|1|0|0|2|2|||0|0|0|0|||||1|1|0|0|1|1|||7
U1054-5|2|2|3,5|4|||0|0|1|1|0|0|0|0|0,5|1|0|0|0|0|||2,8|3|0|0|1|1|2|2|||12,8
U1054-6|1|1|2|2|||1|1|3|3|0|0|0|0|||0|0|0|0|1|1|||1,8|2|0|0|1|1|||10,8
U1054-8|1|1|4|4|1|1|1|1|1|1|0|0|0|0|||0|0|0|0|1|1|||2|2|0|0|0|0|||11
U1054-9|||1|1|||2|2|0|0|0|0|0|0|||0|0|0|0|||||1|1|0|0|0|0|||4
U1055-1|||||1|1|0|0|4|4|0|0|0|0|5|10|1,9|7|0|0|1|1|4|4|3|3|0|0|1|1|1|1|21,9
U1056-1|2|2|1|1|||0|0|1|1|1|1|1|1|||5,2|16|0,1|1|||||5|5|0|0|3|3|||19,3
U1058-1|||||||0|0|2|2|0|0|0|0|||1,9|6|4|4|||||10|10|0|0|3|3|||20,9
U1058-2|2|2|||||0|0|3|3|0|0|0|0|1|2|3,5|12|0|0|||||3|3|0|0|2,5|3|||15
U1059-1|2|2|1|1|||3|3|22|22|0|0|1|1|2,65|6|9|31|2,1|7|||2,5|4|19,05|31|0|0|0,5|1|||64,8
U1059-2|2|2|1|1|||4|4|26|26|0|0|1|1|2,65|6|9,3|32|2,1|7|||2,5|4|19,05|31|0|0|0,5|1|||70,1
U1060-1|4|4|1|1|1,8|2|0|0|4,5|5|0|0|1|1|1,45|3|4,25|12|0,25|1|||0,8|1|5,5|6|0|0|0|0|||24,55
U1060-2|||||2|2|1|1|0|0|0|0|0|0|||1|4|0|0|1|1|||2,8|3|0|0|2|2|||9,8
U1060-3|1|1|||1|1|0|0|3|3|0|0|0|0|0,5|1|1,1|4|0|0|0,7|1|||1|1|0|0|1|1|||9,3
U1060-4|3,8|4|1|1|1,8|2|0|0|5|5|0|0|0|0|4|8|4,4|13|0,7|3|||||6,8|7|0|0|0|0|||27,5
U1060-5|2|2|1|1|||2|2|10,6|11|0|0|1|1|4|8|6,75|21|0,5|1|2|2|||5|5|1|1|0|0|||35,85
U1061-1|5|5|||||2|2|2,35|3|1|1|2|2|||6,4|16|2,3|5|2,8|3|||9,65|11|1|1|1|1|||35,5
U1062-1|1|1|||2|2|1|1|1|1|0|0|0|0|1,5|3|0,9|3|0|0|||||4,8|5|0|0|0|0|||12,2
U1062-2|4|4|||3|3|3|3|10|10|0|0|0|0|1,5|3|4,4|10|3|3|||||7,2|8|0|0|1|1|||37,1
U1062-3|2|2|||||2|2|10|10|0|0|0|0|1,5|3|2,85|13|1,5|2|||1|1|5,8|6|0|0|1|1|1|1|28,65
U1062-4|1|1|||||0|0|1,3|2|0|0|0|0|1,5|3|1,3|5|0|0|||1|1|4|4|0|0|0|0|||10,1
U1062-5|1|1|||||0|0|0|0|0|0|0|0|||0,3|1|0|0|||||0|0|0|0|0|0|||1,3
U1063-1|2|2|1|1|||1|1|8|8|0|0|0|0|1|2|2|8|0,5|1|||1|1|5|5|0|0|0|0|||21,5
U1064-1|3|3|||||4|4|8,6|9|0|0|0|0|1|2|1,6|7|0,1|1|||||7,8|10|0|0|0|0|||26,1
U1064-2|2|2|1|1|||1|1|7,1|8|0|0|0|0|||0,8|5|1|1|1,4|2|0,1|1|5,2|6|1|1|3|3|||23,6
U1064-3|1|1|||||0|0|4|4|0|0|1|1|||1,15|3|3,45|5|||||9,8|10|1|1|0|0|||21,4
U1064-4|3,9|4|1|1|||5,3|6|9,7|11|0|0|1|1|0,25|1|3|16|0,5|2|||||10,6|11|1,7|2|1|1|||37,95
U1064-5|||||||0|0|1,8|3|0|0|1|1|0,5|1|0,35|1|0,1|1|||||1|1|0|0|0|0|||4,75
U1065-1|5|5|||||1|1|0|0|0|0|1|1|||0,3|1|0|0|||||1,8|2|1|1|2|2|||12,1
U1065-10|3|3|||||0|0|0|0|0|0|0|0|||1,8|4|0|0|||1|1|2|2|0|0|0|0|||7,8
U1065-11|2|2|||||1|1|0|0|0|0|0|0|0,3|1|0|0|0|0|||||0|0|0|0|1|1|||4,3
U1065-12|2|2|1|1|||0|0|1|1|0|0|0|0|||0|0|0|0|||||0|0|0|0|1|1|||5
U1065-13|1|1|1|1|||1|1|0|0|0|0|2|2|0,5|1|0,3|1|0|0|||||0,8|1|0|0|0|0|||6,6
U1065-14|3|3|||||0|0|0|0|0|0|1|1|||0,15|1|0|0|||||1|1|0|0|0|0|||5,15
U1065-15|2|2|||||0|0|1|1|0|0|0|0|||0,3|1|0|0|||||0,8|1|0|0|2|2|||6,1
U1065-2|3|3|||||0|0|0|0|1|1|0|0|||0,25|1|0|0|||||0|0|0|0|4|4|||8,25
U1065-3|3,8|4|||||1|1|1|1|0|0|1|1|||0,5|1|0|0|||||1|1|0|0|1|1|||9,3
U1065-6|3|3|1|1|||0|0|1|1|0|0|0|0|||0,75|1|0|0|||||1|1|0|0|0|0|||6,75
U1065-7|3,9|4|2|2|||0|0|0|0|0|0|0|0|||0|0|0|0|||||0,8|1|0|0|0|0|||6,7
U1065-8|3|3|||||0|0|0|0|1|1|0|0|||2,4|7|0|0|||0,9|1|1|1|0|0|0|0|||8,3
U1065-9|2|2|||||0|0|0|0|0|0|0|0|1|2|0,3|1|0|0|||||1|1|0|0|0|0|||4,3
U1066-1|1|1|1|1|||1|1|12|12|0|0|0|0|6|12|2,1|7|1,1|3|||1,5|2|3,1|4|0|0|0|0|||28,8
U1067-1|3|3|3|3|||1|1|6|6|0|0|2|2|0,5|1|1,5|6|2,2|4|1|1|||3|3|0|0|1|1|||24,2
U1067-2|||||||0|0|1|1|0|0|0|0|0,5|1|0|0|0|0|||||0|0|0|0|0|0|||1,5
U1068-1|4|4|||||0|0|0|0|0|0|0|0|||3,6|9|1|1|2|2|||9,5|10|1|1|0|0|||21,1
U1068-10|||6|6|||0|0|0|0|0|0|0|0|0,5|1|0|0|0|0|||||4|4|0|0|1|1|||11,5
U1068-11|||3|3|||0|0|1|1|0|0|0|0|||0|0|0|0|||1|1|0|0|0|0|0|0|||5
U1068-12|2|2|1|1|||0|0|0|0|0|0|1|1|||0|0|0|0|||||2|2|0|0|0|0|||6
U1068-14|1|1|7|7|||0|0|0|0|0|0|0|0|0,5|1|0|0|0|0|||1|1|4|4|0|0|4|4|||17,5
U1068-15|||3|3|||0|0|0|0|0|0|0|0|||0|0|0|0|||||0|0|1|1|0|0|||4
U1068-17|||1|1|||0|0|0|0|0|0|0|0|||0|0|0|0|||||0|0|0|0|0|0|||1
U1068-18|6|6|1|1|||0|0|0|0|0|0|1|1|||0,3|1|0|0|||||7|7|0|0|0|0|||15,3
U1068-19|||2|2|||0|0|0|0|0|0|1|1|||0|0|1|1|||1|1|1|1|0|0|0|0|||6
U1068-2|2|2|1|1|||0|0|0|0|0|0|3|3|||1,3|2|0|0|2|2|1|1|2,5|3|0|0|0|0|||12,8
U1068-20|2|2|||||0|0|1|1|0|0|2|2|||1,35|4|0|1|||||1|1|1|1|0|0|||8,35
U1068-21|||1|1|||0|0|0|0|0|0|0|0|||0|0|0|0|||||0|0|0|0|0|0|||1
U1068-22|1|1|||||0|0|0|0|0|0|0|0|||0|0|0|0|||||0|0|0|0|0|0|||1
U1068-3|4|4|||||0|0|0|0|2|2|0|0|||0|0|0|0|||||2|2|0|0|0|0|||8
U1068-5|2|2|||||0|0|0|0|0|0|0|0|0,5|1|0|0|1|1|||||0,9|1|0|0|1|1|||5,4
U1068-6|||1|1|||0|0|0|0|0|0|0|0|||0,2|1|0|0|1|1|||0|0|1|1|0|0|||3,2
U1068-7|||||||0|0|0|0|0|0|0|0|||0|0|0|0|||1|1|0|0|0|0|0|0|||1
U1069-1|||||||4|4|8|8|0|0|1|1|4,5|9|4,7|14|1,5|2|||||6,8|7|0|0|0|0|1|1|31,5
U1070-1|||||||1|1|6|6|0|0|1|1|2|4|2,55|7|0|0|||||4,2|5|0|0|0|0|||16,75
U1071-1|1|1|||||1|1|6|6|0|0|0|0|3,3|7|3,3|11|0|0|||1|1|9|11|0|0|1|1|||25,6
U1072-1|1|1|3|3|||0|0|2|2|0|0|1|1|2|4|0,3|1|0|0|1|1|||4,6|5|0|0|1|1|||15,9
U1072-2|2|2|||||0|0|2|2|0|0|2|2|0,5|1|0|0|0|0|||||1,7|2|0|0|0|0|||8,2
U1073-1|1|1|||||0|0|9|9|0|0|0|0|1|2|6|20|1,2|3|||||7,2|8|0|0|0|0|||25,4
U1074-1|||||||4|4|5|5|0|0|0|0|||0|0|1|1|||||4|4|0|0|0|0|1|1|15
U1075-1|1|1|||||2|2|8|8|0|0|0|0|8,05|17|4,6|12|0|0|||||1,9|3|0|0|0|0|||25,55
U1077-1|1|1|||||0|0|2|2|0|0|0|0|2,5|5|1,4|4|1,2|2|||||0,2|1|0|0|0|0|||8,3
U1077-2|1,9|2|||||0|0|10|10|0|0|1|1|2,6|6|1,5|6|0,7|1|||||1,8|2|0|0|1|1|||20,5
U1078-1|5|5|||||1|1|1|1|1|1|1|1|2,8|6|7|18|1,6|4|1|1|||23,8|25|0|0|2|2|||47,2
U1081-1|1|1|2|2|||1|1|8|8|0|0|0|0|0,5|1|1,3|2|1|2|||1|1|2|2|1|1|2|2|||20,8
U1081-10|1|1|||||0|0|0|0|0|0|0|0|||0|0|0|0|||1|1|1|1|1|1|0|0|||4
U1081-11|1|1|1|1|||0|0|1|1|0|0|0|0|||0,6|2|0|1|||||1|1|0|0|0|0|||4,6
U1081-12|||1|1|||0|0|0|0|0|0|0|0|||0|0|0|0|1|1|||1|1|0|0|0|0|||3
U1081-2|1|1|||||0|0|2|2|0|0|2|2|||0,3|1|0|0|||||2|2|0|0|0|0|||7,3
U1081-3|||||||0|0|1|1|1|1|1|1|0,8|2|1,6|3|0|0|||1|1|4|4|0|0|1|1|||11,4
U1081-4|2|2|2|2|||1|1|6|6|0|0|1|1|||3,1|8|0|0|||||1|1|0|0|2|2|||18,1
U1081-5|3|3|||||0|0|2|2|0|0|1|1|||0|0|0|0|||||1|1|0|0|0|0|||7
U1081-6|2|2|3|3|||1|1|1|1|0|0|1|1|0,5|1|1|1|0|1|||||1|1|0|0|1|1|||11,5
U1081-7|||1|1|||0|0|0|0|0|0|0|0|||4,6|6|2|2|||||9|9|1|1|0|0|||17,6
U1081-8|||1|1|||1|1|2|2|0|0|1|1|1,5|3|0|0|0|0|||||1|1|0|0|0|0|||7,5
U1081-9|||1|1|||0|0|2|2|1|1|2|2|||0|0|1|1|||||2|2|1|1|1|1|||11
U1082-1|1|1|1|1|||0|0|5|5|0|0|0|0|1,6|4|6,2|16|2|2|||2|2|5,9|8|0|0|3|3|||27,7
U1083-1|2|2|2|2|||2|2|12|12|0|0|0|0|1,5|3|3,5|12|0,5|1|||1|1|11|11|0|0|0|0|||35,5
U1083-2|||1|1|||2|2|3|3|0|0|1|1|1|2|4,4|10|0,5|1|||||8|8|0|0|0|0|||20,9
U1084-1|||||||3|3|4|4|0|0|0|0|1|2|0,8|3|0|0|||1|1|1|1|1|1|1|1|||12,8
U1084-2|||1|1|||0|0|3|3|0|0|0|0|1,5|3|0,5|3|0|0|||||3|3|0|0|0|0|||9
U1084-3|2|2|1|1|||0|0|3|3|0|0|1|1|0,5|1|1|1|0|0|||1|1|1|1|0|0|0|0|||10,5
U1085-1|||||||0|0|4|4|0|0|0|0|3|6|2,65|7|1|1|||||2,7|3|0|0|3|3|||16,35
U1085-10|2|2|||||0|0|5|5|1|1|0|0|||1,9|5|0|0|1|1|||2|2|3,4|4|6|6|1|1|23,3
U1085-2|3,9|4|||||0|0|5|5|0|0|0|0|1,5|3|1,4|6|0|0|||||3,5|4|0|0|2|2|||17,3
U1085-3|||1|1|||0|0|4|4|0|0|0|0|2,5|5|0|0|0|0|||||1,4|2|0|0|2|2|||10,9
U1085-4|1|1|||||0|0|1|1|0|0|0|0|||0|0|0|0|||||0|0|0|0|0|0|||2
U1085-5|4|4|||||1|1|2|2|0|0|0|0|0,5|1|0|0|0|0|||||1,8|2|0|0|0|0|||9,3
U1085-6|||2|2|||2|2|2|2|1|1|1|1|5,5|11|0|0|0|1|||||2,9|3|0|0|0|0|||16,4
U1085-7|4|4|||||0|0|0|0|1,8|2|0|0|0,5|1|0|0|0|0|1|1|||3|3|1|1|0|0|||11,3
U1085-8|4|4|||||0|0|3|3|2|2|0|0|3|5|1,5|7|0|0|1|1|||3|3|1|1|2|2|||20,5
U1085-9|2|2|||||1|1|5|5|1,25|2|0|0|3,4|7|1,5|7|1|2|0,4|1|||0,8|1|0|0|0|0|||16,35
U1086-1|0,5|1|1|1|||2|2|14|14|1|1|1|1|4|8|10,75|24|6,9|9|||||20,6|22|0|0|1|1|7|8|69,75
U1087-1|3|3|1|1|||0|0|3|3|1|1|1|1|0,5|1|1,3|6|0|0|1|1|1|1|3,3|5|0|0|2|2|||18,1
U1087-2|3|3|6|6|||0|0|10|10|0|0|0|0|2|4|1,4|5|0,5|1|||||8,3|10|0|0|1|1|||32,2
U1087-3|2|2|||||0|0|2|2|0|0|1|1|1,2|3|0,4|2|0|0|1|1|||3,3|5|0|0|0|0|||10,9
U1087-4|1|1|1|1|||0|0|2|2|0|0|2|2|0,5|1|0,7|2|0,2|1|1|1|||5,2|6|1|1|0|0|||14,6
U1087-5|||||||0|0|1|1|0|0|1|1|||1|1|0|0|||||0|0|0|0|0|0|||3
U1089-1|3|3|||||2|2|4|4|0|0|0|0|0,5|1|0,7|3|2|2|1|1|0,8|1|39,2|41|0|0|0|0|1|1|54,2
U1090-1|3,9|4|3|3|||3|3|14|14|0|0|1|1|3|6|0,3|1|0|0|3|3|0,5|1|2|2|1|1|3|3|||37,7
U1091-1|||2|2|||1|1|3|3|0|0|0|0|0,15|1|0|0|0|0|||||1|1|0|0|0|0|||7,15
U1091-10|2|2|1,8|2|||0|0|3|3|0|0|0|0|||0,4|2|0|0|||1|1|1|1|0|0|0|0|||9,2
U1091-11|||0,5|1|||1|1|3|3|0|0|0|0|1|2|0|0|0|0|||||0|0|0|0|2|2|||7,5
U1091-12|4|4|3|3|||0|0|2|2|0|0|0|0|||0|0|0|0|||||0|0|0|0|1|1|||10
U1091-13|||2|2|||0|0|1|1|0|0|1|1|0,5|1|0|0|0|0|||||1|1|0|0|1|1|||6,5
U1091-14|2|2|||||0|0|1|1|0|0|1|1|||0|0|0|0|1|1|||0|0|1|1|0|0|||6
U1091-15|1|1|||||1|1|2|2|0|0|2|2|0,5|1|0|0|0|0|||||0|0|0|0|1|1|||7,5
U1091-16|1|1|2|2|||0|0|3|3|0|0|2|2|1|2|0|0|0|0|||||1|1|0|0|0|0|||10
U1091-17|1|1|||||1|1|2|2|0|0|0|0|0,5|1|0,5|3|0|0|||||1|1|0|0|0|0|||6
U1091-18|||0,3|1|||1|1|2|2|0|0|0|0|||0|0|0|0|||||1|1|0|0|0|0|||4,3
U1091-19|||1|1|||0|0|0|0|0|0|2|2|||0|0|0|0|||||0|0|0|0|1|1|||4
U1091-2|||2|2|||0|0|4|4|0|0|0|0|0,5|1|0|0|0|0|||||1|1|0|0|0|0|||7,5
U1091-21|1|1|||||0|0|3|3|0|0|2|2|||0|0|0|0|||||0|0|0|0|1|1|||7
U1091-22|1|1|3|3|||0|0|0|0|0|0|0|0|||0,2|1|0,2|1|||||0,8|1|0|0|0|0|||5,2
U1091-23|||1|1|||0|0|0|0|0|0|0|0|||0|0|0|0|||||1|1|0|0|0|0|||2
U1091-24|||3|3|||0|0|0|0|0|0|0|0|0,5|1|0|0|0|0|||||1|1|0|0|0|0|||4,5
U1091-25|2|2|2|2|||0|0|0|0|0|0|0|0|||1|5|0|0|||||2|2|0|0|0|0|||7
U1091-26|2|2|||||0|0|0|0|0|0|0|0|||0,8|3|0|0|||1|1|0|0|2|2|0|0|||5,8
U1091-27|||||||0|0|0|0|0|0|1|1|||0|0|0|0|||||0|0|0|0|1|1|||2
U1091-28|||1|1|||1|1|0|0|0|0|1|1|||0|0|0|0|||||0|0|0|0|0|0|||3
U1091-3|||2|2|||1|1|1|1|0|0|0|0|||0|0|0|0|||||0,8|1|0|0|0|0|||4,8
U1091-4|1|1|2|2|||0|0|3|3|0|0|0|0|1|2|0|0|0|0|||||1|1|0|0|0|0|||8
U1091-6|3|3|||||0|0|2|2|0|0|0|0|0,5|1|0,3|1|1|1|||||1|1|0|0|0|0|||7,8
U1091-7|||||||0|0|3,5|4|0|0|0|0|1,5|3|0|0|0|0|||||1|1|0|0|1|1|||7
U1092-1|1|1|||||1|1|4|4|0|0|0|0|1|2|2,6|9|1|2|1|1|||2,1|4|1|1|0|0|||14,7
U1093-1|||1|1|||1|1|10|10|0|0|0|0|11|22|3,05|11|2|4|||||7|8|0|0|0|0|||35,05
U1094-1|||||||0|0|10|10|1,2|2|0|0|2,3|5|6|22|2,7|4|||1|1|7|11|0|0|1|1|||31,2
U1096-1|1|1|||||0|0|6|6|0|0|0|0|1|2|11,6|21|1|1|1|1|1|1|5|5|0|0|0|0|||27,6
U1097-1|2|2|1|1|||0|0|1|1|0|0|0|0|||1,4|3|0|0|1|1|||0,8|1|0|0|0|0|||7,2
U1098-1|||||||0|0|8|8|0|0|0|0|4|8|4,4|12|3,2|4|||||8,1|11|0|0|0|0|||27,7
U1098-2|0|1|||||0|0|2|2|0|0|0|0|||4,6|18|0,1|1|||||5,3|7|0|0|0|0|||12
U1099-1|3|3|1|1|||2|2|10|10|0|0|1|1|2,5|5|1,2|2|0|1|0,4|1|||1|1|0|0|1|1|||23,1
U1099-2|1|1|1|1|||0,5|1|5,5|6|0|0|0|0|2,9|6|2,9|12|0|0|0,4|1|1|1|1|1|0|0|0|0|||16,2
U1099-3|||||||0|0|1|1|0|0|0|0|3|6|0,3|1|0|1|0,4|1|||0|0|0|0|0|0|||4,7
U1099-4|||||||1|1|7|7|0|0|0|0|3,5|7|4,55|12|0,5|2|0,4|1|||0|0|0|0|0|0|||16,95
U1099-5|2|2|||||2|2|2|2|0|0|0|0|||1,2|4|0|0|||||0|0|0|0|0|0|||7,2
U1100-1|2|2|||||0|0|2|2|0|0|1|1|1,5|3|0,6|2|0|0|||||5|5|0|0|0|0|1|1|13,1
U1100-2|1|1|1|1|||0|0|0|0|0|0|0|0|3|6|0,3|1|0|1|||1|1|2|2|0|0|0|0|1|1|9,3
U1100-3|1|1|||||0|0|1|1|0|0|0|0|||2,1|7|0|0|||0,5|1|2,8|3|0|0|2|2|1|1|10,4
U1101-1|1|1|||||2,3|4|9|9|0|0|1,3|2|2,1|5|5|14|1,3|2|||2,9|5|0,4|1|0|0|0|0|||25,3
U1101-2|2|2|||||3|3|5|5|0|0|0|0|2,5|5|1,1|3|0|0|1|1|||3|3|0|0|1|1|||18,6
U1103-1|||2|2|||0|0|1|1|0|0|0|0|1|2|0,3|1|0|0|||||1|1|0|0|0|0|||5,3
U1103-10|||||||0|0|2|2|0|0|0|0|0,5|1|3,5|12|0,2|1|1|1|||0|0|0|0|0|0|||7,2
U1103-11|||||||1|1|0|0|0|0|0|0|1,5|3|0|0|0|0|||||3|3|0|0|1|1|||6,5
U1103-12|||2|2|||0|0|2|2|0|0|0|0|1|2|0,35|2|0|0|||||1|1|0,4|1|2|2|||8,75
U1103-13|1|1|||||0|0|1|1|0|0|1|1|1|2|0|0|0|0|||||3|3|0|0|0|0|||7
U1103-2|||2|2|||1|1|3|3|0|0|0|0|||0|0|0|0|||1|1|0|0|0|0|1|1|||8
U1103-3|||1|1|||0|0|0|0|0|0|0|0|2,5|5|0|0|0|0|1|1|||0|0|0|0|0|0|||4,5
U1103-4|||2|2|||1|1|1|1|0|0|0|0|0,5|1|0|0|0,5|1|||1|1|1|1|0|0|0|0|||7
U1103-5|||5|5|||0|0|0|0|0|0|0|0|0,5|1|0|0|0|0|||||1|1|0|0|0|0|||6,5
U1103-6|1|1|||||1|1|1|1|0|0|0|0|||0|0|0|0|0,8|1|||1|1|0|0|0|0|||4,8
U1103-7|||||||0|0|2|2|0|0|0|0|2|4|0,3|1|0|0|||1|1|2,8|3|0|0|1|1|||9,1
U1103-8|2|2|||||0|0|2|2|0|0|1|1|0,5|1|0|0|0|0|1|1|||1|1|0|0|0|0|||7,5
U1103-9|||1|1|||0|0|2|2|0|0|0|0|1|2|0|0|0|0|||1|1|0,8|1|0|0|1|1|||6,8
U1104-1|1|1|||||0|0|2|2|0|0|0|0|1|2|0|0|0|0|||||1|1|0|0|0|0|||5
U1104-11|||3|3|||0|0|1|1|0|0|0|0|||0|0|0|0|||||1,8|2|0|0|1|1|||6,8
U1104-12|1|1|0,8|1|||0|0|3|3|0|0|0|0|||0|0|0|0|||||2|2|0|0|0|0|||6,8
U1104-14|2|2|2|2|||0|0|2|2|0|0|0|0|0,5|1|0|0|0|0|||2|2|0|0|0|0|1|1|||9,5
U1104-15|||4|4|||0|0|3|3|0|0|0|0|||0|0|0|0|||||1|1|0|0|1|1|||9
U1104-16|3|3|1|1|||0|0|2|2|0|0|0|0|||0,3|1|0|0|1|1|||0|0|0|0|2|2|||9,3
U1104-17|1|2|1|1|||0|0|2|2|0|0|0|0|0,5|1|0|0|0|0|||||2|2|1|1|2|2|||9,5
U1104-18|||1|1|||0|0|1|1|0|0|0|0|||0|0|0|0|||||1|1|1|1|1|1|||5
U1104-19|2|2|||||0|0|0|0|0|0|0|0|||0|0|0|0|||||0|0|0|0|1|1|||3
U1104-2|1|1|1|1|||1|1|2|2|0|0|0|0|0,5|1|0|0|0|0|||||1|1|0|0|2|2|||8,5
U1104-20|1|1|||||0|0|1|1|0|0|0|0|||0|0|0|0|||||0,5|1|1|1|1|1|||4,5
U1104-4|1|1|2,5|3|||1|1|3|3|0|0|0|0|||0|0|0|0|||||0,8|1|0|0|0|0|||8,3
U1104-6|3|3|1|1|||1|1|4|4|0|0|1|1|||0,8|2|0|1|||||1|1|0|0|7|7|||18,8
U1104-9|1|1|3|4|||1|1|2|2|0|0|0|0|||0|0|0|0|||1|1|0|0|0|0|3,5|4|||11,5
U1105-1|||||||0|0|6|6|0|0|0|0|0,5|1|6|15|1|2|||1|1|1|1|0|0|0|0|||15,5
U1106-1|3|3|||||6|6|3|3|0|0|0|0|||1|1|0|1|1|1|||1|1|0|0|1|1|||16
U1106-2|3|3|3|3|||2|2|5|5|0|0|0|0|||3|8|0|0|||1|1|1|1|0|0|0|0|||18
U1106-3|1|1|||||0|0|2|2|0|0|0|0|||1,9|4|0|0|||1|1|1|1|0|0|1|1|||7,9
U1106-4|||2|2|||3|3|4|4|0|0|0|0|1|2|0|0|0|0|1|1|1|1|1|1|0|0|1|1|||14
U1106-5|1|1|||||0|0|0|0|0|0|0|0|||0|0|0|0|||||0|0|0|0|0|0|||1
U1107-1|0,5|1|||||1|1|7|7|0|0|0|0|6,5|13|2,15|8|0,15|1|1|1|3|3|3,25|4|0|0|2|2|||26,55
U1107-2|||||||2|2|3|3|0|0|0|0|2,5|5|1,5|5|0|0|||||4,6|6|0|0|0|0|||13,6
U1107-3|1|1|||||0|0|7|7|0|0|0|0|2|4|4,6|12|0,3|1|||1|1|2|2|0|0|0|0|0,8|1|18,7
U1108-1|||||||4|4|2|2|0|0|0|0|||0|0|1|1|||||1|1|0|0|1|1|||9
U1109-1|4|4|1|1|||1|1|2|2|0|0|0|0|1|2|3,6|9|0|0|||3,8|4|13,9|15|0|0|0|0|1|1|31,3
U1110-1|2|2|||||1|1|0|0|0|0|5|5|||0,8|1|0|0|1|1|1|1|6|6|1|1|0|0|||17,8
U1110-2|||||||0|0|1|1|0|0|3|3|||0|0|0|0|||||0|0|1|1|0|0|||5
U1111-1|||2|2|||1|1|3|3|0|0|1|1|||0|0|0|0|||||2|2|0|0|2|2|||11
U1111-11|2|2|||||0|0|2|2|0|0|2|2|0,5|1|0,8|2|0|0|||||1,8|2|0|0|1|1|||10,1
U1111-12|1,8|2|1,7|2|||0|0|2,5|3|0|0|1|1|||0|0|0|0|||||2|2|0|0|2|2|||11
U1111-13|1|1|||||1|1|1|1|0|0|0|0|||2,6|7|1,2|2|||||2|2|0|0|1|1|||9,8
U1111-14|1|1|||||1|1|4|4|0|0|1|1|0,5|1|3,5|12|2,6|4|||||10,3|11|0|0|1|1|||24,9
U1111-15|||0,8|1|||1|1|3|3|0|0|1|1|2,5|5|0,6|2|1|1|||||2,3|3|0|0|0|0|||12,2
U1111-16|1|1|||||0|0|2|2|0|0|3|3|0,5|1|0|0|0,4|1|||||0,8|1|0|0|1|1|||8,7
U1111-17|3|3|||||0|0|6|6|0|0|1|1|||0,6|2|1|1|0,8|1|||1|1|0|0|3|3|||16,4
U1111-18|1|1|||||0|0|3|3|0|0|0|0|||0|0|0|0|||||0|0|1|1|1|1|||6
U1111-19|||||1|1|0|0|2|2|0|0|0|0|||0|0|3|3|||||5|5|0|0|0|0|||11
U1111-2|1|1|1|1|||0|0|0|0|0|0|0|0|||0|0|0|0|||||1|1|0|0|0|0|||3
U1111-20|1|1|||||1|1|2|2|0|0|0|0|||0|0|0|0|||||1|1|0|0|1|1|||6
U1111-21|||1|1|||0|0|2|2|0|0|0|0|1|2|0,7|3|0|0|||||0|0|0|0|0|0|||4,7
U1111-22|||||||1|1|2|2|0|0|0,2|1|0,75|2|1,1|7|4|7|||||6,5|8|0|0|0|0|1|1|16,55
U1111-23|1|1|1|1|||1|1|7,5|8|0|0|0|0|0,5|1|2,2|6|0,5|1|||||6,6|7|0|0|1|1|||21,3
U1111-24|1|1|||||1|1|1|1|0|0|1|1|0,5|1|0|0|0|0|||1|1|1|1|0|0|0|0|||6,5
U1111-3|1|1|||||0|0|3|3|0|0|0|0|1|2|0|0|0|0|||||1|1|0|0|1|1|||7
U1111-4|0,2|1|2|2|||2|2|1|1|0|0|1|1|||0|0|0|1|1|1|||5,6|6|0|0|4|4|||16,8
U1111-5|||||||0|0|1|1|0|0|0|0|1|2|0|0|0|0|1|1|||2|2|0|0|0|0|||5
U1111-6|3|3|1|1|||0|0|2|2|0|0|1|1|0,5|1|0|0|0,5|1|2|2|||1|1|0|0|0|0|||11
U1111-8|1|1|||||1|1|2|2|0|0|2|2|||0|0|0|1|||||1,6|2|0|0|1|1|||8,6
U1111-9|1|1|0,8|1|||0|0|1|1|0|0|1,1|2|||0,9|4|1|1|||||3,5|4|0|0|2|2|||11,3
U1112-1|1|1|||||1|1|6|6|0|0|1|1|||1,4|4|0|0|||1|1|2,5|3|0|0|0|0|||13,9
U1113-1|4,8|5|1|1|||0|0|7|7|0|0|0|0|||1,7|9|1|1|||||4|4|0|0|0|0|||19,5
U1113-2|1|1|1|1|||0|0|5|5|0|0|0|0|0,1|1|1,6|10|2|2|||||6,8|7|0|0|0|0|||17,5
U1114-1|2|2|1|1|||1|1|6|6|0|0|0|0|1,5|3|5,6|10|1|1|||||3,9|5|0|0|0|0|||22
U1116-1|2|2|||||0|0|3|3|0|0|0|0|1|3|2,6|7|0|0|||||0|0|0|0|2|2|||10,6
U1116-2|||||||0|0|0|0|0|0|0|0|0,5|1|4,75|17|0|0|||||1|1|0|0|1|1|||7,25
U1117-1|1|1|||1|1|0|0|2|2|0|0|0|0|||0,8|2|0|0|||||2|2|0|0|2|2|1|1|9,8
U1118-1|2,5|3|||||0|0|4|4|0|0|2|2|1,8|4|0,6|3|0|0|||||4|4|0|0|1|1|||15,9
U1118-2|1|1|||||0|0|1|1|0|0|0|0|||0|0|0|0|||||0|0|0|0|0|0|||2
U1119-1|||1|1|||5|5|1|1|0|0|0|0|1,5|3|2,9|7|2|3|||1|1|5,5|6|0|0|0|0|||19,9
U1120-1|2|2|4|4|1|1|4|4|2|2|1|1|2|2|1,5|2|2,8|9|4|5|2|2|2|2|7,5|8|0|0|0|0|||35,8
U1121-1|1|1|||||0,5|1|6|6|0|0|0|0|2,5|5|2|7|1|3|2|2|||12|12|0|0|1|1|||28
U1122-1|1|1|||||2|2|1|1|0|0|3|3|0,75|2|1,6|3|1,25|2|1|1|||1|1|0|0|0|0|||12,6
U1123-1|||||||0,3|1|3|3|0|0|1,3|2|0,7|2|7,6|23|2,5|8|||||7,25|10|1|1|6|6|0,2|1|29,85
U1124-1|1|1|1|1|||1|1|1|1|0|0|0|0|2|4|1,2|7|0|3|||1|1|2|2|0|0|0|0|||10,2
U1124-10|1|1|3|3|||0|0|2|2|0|0|0|0|||0|0|0|0|||||1|1|0|0|0|0|||7
U1124-2|||||||0|0|0|0|0|0|0|0|1|2|1,1|3|0|1|||1|1|1|1|0|0|0|0|||4,1
U1124-3|2|2|||||0|0|0|0|0|0|0|0|||0,1|1|0|0|||||0|0|0|0|0|0|||2,1
U1124-4|||||||0|0|0|0|0|0|0|0|0,5|1|0|0|0|0|||||1|1|0|0|0|0|||1,5
U1124-5|1|1|1|1|||0|0|4|4|0|0|0|0|1|2|0|0|0|1|||||2|2|0|0|0|0|||9
U1124-6|||||||0|0|0|0|0|0|0|0|||0,3|1|0|0|||||0|0|0|0|0|0|||0,3
U1124-7|||2|2|||0|0|0|0|0|0|0|0|||0|0|0|0|||||0|0|0|0|0|0|||2
U1124-8|||||||0|0|3|3|0|0|0|0|2,5|5|0|0|0|0|||||2,5|3|0|0|0|0|||8
U1124-9|1|1|||||0|0|1|1|0|0|0|0|3|6|0|0|0|1|||||2|2|0|0|1|1|||8
U1125-1|||||||0|0|1|1|0|0|0|0|2,6|4|2,05|7|1|1|||||3|3|0|0|0|0|||9,65
U1126-1|2|2|1|1|||0|0|4|4|0|0|1|1|0,5|1|1,2|4|0|1|||||2|2|0|0|0|0|||11,7
U1127-1|3|3|0,8|1|||0|0|1|1|0|0|0|0|||0,85|3|0|0|||||0|0|0|0|0|0|||5,65
U1127-10|||1|1|||0|0|0|0|0|0|1|1|||0,3|1|0|0|||||0|0|0|0|0|0|||2,3
U1127-11|1|1|1|1|||1|1|2|2|0|0|0|0|||0|0|0|0|||||0|0|0|0|0|0|||5
U1127-12|1|1|||||2|2|1|1|0|0|0|0|0,5|1|0,3|1|0|0|||||0|0|0|0|1|1|||5,8
U1127-13|2,7|3|||||0|0|0|0|0|0|0|0|||1,55|6|0|0|1|1|||2|2|0|0|0|0|||7,25
U1127-14|2|2|||||3|3|1|1|0|0|0|0|0,5|1|0|0|0|0|||||1|1|0|0|0|0|||7,5
U1127-15|||1|1|||1|1|0|0|0|0|4|4|||3,05|8|2|3|||||3,8|4|0|0|0|0|||14,85
U1127-17|1|1|1|1|||0|0|2|2|0|0|0|0|0,5|1|0,5|2|0|0|||||1|1|0|0|0|0|||6
U1127-18|3|3|||||0|0|0|0|0|0|1|1|||0|0|0|1|||||2|2|0|0|0|0|||6
U1127-19|1|1|1,5|2|||1|1|3|3|0|0|0|0|||0,7|3|0|1|||||1|1|0|0|0|0|||8,2
U1127-2|2|2|1|1|||1|1|4|4|0|0|1|1|1|2|2,35|6|1,1|2|1|1|||3|3|0|0|5|5|||22,45
U1127-20|3|3|||||0|0|2|2|0|0|1|1|||0,6|2|0|0|||||0|0|0|0|1|1|||7,6
U1127-21|1|1|2|2|||0|0|3|3|0|0|1|1|||1,05|4|2|2|1|1|||0|0|0|0|1|1|||12,05
U1127-22|2|2|1|1|||0|0|4|4|0|0|0|0|||0,3|1|0|0|||||0|0|0|0|0|0|||7,3
U1127-23|||1|1|||0|0|1|1|0|0|0|0|||0,6|2|0|1|||||0|0|0|0|0|0|||2,6
U1127-24|||1|1|||0|0|1|1|0|0|1|1|0,5|1|0|0|0|1|||||2,2|3|0|0|1|1|||6,7
U1127-25|||2|2|1|1|1,3|2|3|3|0|0|0|0|||3,4|9|1|1|1|1|2|2|1|1|2|2|6|6|||23,7
U1127-26|1|1|||||0|0|0|0|0|0|0|0|||0|0|0|0|||||0|0|0|0|0|0|||1
U1127-27|1|1|||||0|0|0|0|0|0|0|0|||0|0|0|0|||||0|0|0|0|0|0|||1
U1127-28|1|1|||||0|0|0|0|0|0|0|0|||0|0|0|0|||||0|0|0|0|0|0|||1
U1127-3|1|1|3|3|||2|2|0|0|0|0|0|0|0,5|1|1,6|3|1|2|||||2|2|0|0|0|0|||11,1
U1127-4|||1,75|2|||1|1|1|1|0|0|2|2|||1,7|4|1|2|||||1|1|0|0|1|1|||10,45
U1127-5|||1|1|||0|0|0|0|0|0|0|0|0,7|2|2,5|8|1|1|0,8|1|||0|0|0|0|0|0|||6
U1127-7|||1|1|||0|0|1|1|0|0|0|0|||0,2|1|0|0|||||0|0|0|0|0|0|||2,2
U1127-8|1|1|||||2|2|0|0|0|0|2|2|||0,3|1|0|0|||||1|1|0|0|0|0|||6,3
U1127-9|1|1|1|1|||0|0|2|2|0|0|1|1|0,5|1|0,25|1|0|0|||||1|1|0|0|0|0|||6,75
U1128-1|1|1|||||1|1|2|2|0|0|3|3|||0|0|0|0|1|1|||0|0|0|0|2|2|||10
U1129-1|1|1|||||0|0|6,5|7|1|1|0|0|2,1|5|2,9|9|2,55|11|||||1,15|2|0|0|2|2|||19,2
U1130-1|1|1|||||0|0|0|0|0|0|0|0|||0|0|0|0|||||0|0|0|0|0|0|||1
U1130-10|3|3|||||0|0|2|2|0|0|0|0|1|2|0|0|0|0|||||1|1|0|0|0|0|||7
U1130-11|||1|1|||0|0|2|2|0|0|0|0|1|2|0|0|0|0|||||1|1|0|0|0|0|||5
U1130-12|||2|2|||0|0|1|1|0|0|0|0|1|2|0|0|0|0|||||0|0|0|0|0|0|||4
U1130-13|||2|2|||2|2|2|2|0|0|1|1|0,5|1|0|0|0|0|||||1|1|0|0|1|1|||9,5
U1130-14|||1|1|||0|0|0|0|0|0|0|0|1,5|3|0|0|0|0|||||2|2|0|0|0|0|||4,5
U1130-15|1|1|2,9|3|||2|2|3|3|0|0|0|0|||0|0|0|1|||||0|0|0|0|0|0|||8,9
U1130-16|1|1|||||2|2|0|0|0|0|0|0|||0|0|0|0|||||1|1|0|0|0|0|||4
U1130-2|||2|2|||0|0|3|3|0|0|0|0|1|2|0|0|0|0|||||1|1|0|0|0|0|||7
U1130-3|2|2|2|2|||0|0|1|1|0|0|0|0|1|2|0|0|0|0|||||1|1|0|0|0|0|||7
U1130-4|1|1|2|2|||1|1|0|0|0|0|0|0|0,5|1|0|0|0|0|||||2|2|0|0|0|0|||6,5
U1130-5|2|2|||||0|0|1|1|0|0|0|0|1,5|2|0|0|0|0|||||1|1|0|0|0|0|||5,5
U1130-6|1|1|2|2|||1|1|3|3|0|0|0|0|0,5|1|0|0|0|0|||||3|3|0|0|0|0|||10,5
U1130-7|2,7|3|||||0|0|2|2|0|0|0|0|2|3|0,3|1|0|0|||1|1|2|2|0|0|0|0|||10
U1130-8|1|1|1|1|||0|0|2|2|0|0|0|0|||0|0|0|0|||||1|1|0|0|0|0|||5
U1130-9|||2|2|||0|0|1|1|0|0|0|0|1|2|0|0|0|0|||||0|0|0|0|0|0|||4
U1131-1|3|3|||||0|0|1|1|0|0|4|4|||3,2|11|2|2|||||4,8|6|0|0|6|6|||24
U1132-1|2|2|||||0|0|2|2|0|0|1|1|0,5|1|2,9|7|0|0|||||0|0|0|0|1|1|||9,4
U1132-2|||||||0|0|0|0|0|0|0|0|||0,3|1|0|0|||||0|0|0|0|0|0|||0,3
U1133-1|1|1|2|2|||0|0|3|3|0|0|0|0|2,85|5|0,65|3|0|1|||||2|2|0|0|0|0|||11,5
U1134-1|6|6|2|2|||1|1|8|8|0|0|1|1|2|4|2,7|5|1,5|3|2|2|||9|9|0|0|1|1|||36,2
U1134-2|1|1|||||0|0|5|5|0|0|0|0|2|4|0|0|0|1|||||1|1|0|0|0|0|||9
U1134-3|||1|1|||0|0|1|1|0|0|1|1|||0|0|1|1|0,9|1|||2|2|0|0|0|0|||6,9
U1134-4|||||||1|1|2|2|0|0|0|0|0,5|1|0,5|1|0|0|||||1|1|0|0|1|1|||6
U1135-1|1|1|||||0|0|0|0|0|0|0|0|1|2|2,45|8|0|0|||||2|2|0|0|0|0|||6,45
U1135-10|2,9|3|||||1|1|1|1|0|0|1|1|||0,3|1|0|0|||||1|1|0|0|0|0|||7,2
U1135-11|0,85|1|||||0|0|2|2|0|0|1|1|0,5|1|0|0|0|1|1|1|||1|1|0|0|1|1|||7,35
U1135-12|1|1|||||1|1|0|0|0|0|0|0|0,5|1|0,3|1|0|0|||||5,5|6|0|0|0|0|||8,3
U1135-13|||||||0|0|1|1|0|0|0|0|1|2|3|10|0|0|||||5,8|6|0|0|0|0|||10,8
U1135-14|||1|1|||0|0|1|1|0|0|1|1|||0,7|3|0|0|||||1|1|0|0|0|0|||4,7
U1135-2|2|2|||||1|1|0|0|0|0|1|1|||0|0|0|0|||1|1|0|0|0|0|1|1|||6
U1135-3|||||||0|0|1|1|0|0|0|0|0,5|1|3|8|1|1|0,8|1|||2|2|0|0|1|1|||9,3
U1135-5|1|1|||||0|0|1|1|0|0|0|0|||0,3|1|0,35|1|1|1|||1|1|0|0|1|1|||5,65
U1135-6|2|2|1|1|||0|0|1|1|0|0|1|1|0,5|1|0,3|1|0|0|||||1|1|0|0|0|0|||6,8
U1135-7|1|1|||||1|1|1|1|0|0|1|1|||4,9|8|0|0|1|1|1|1|2|2|0|0|0|0|||12,9
U1135-8|||||||0|0|0|0|0|0|0|0|0,5|1|1,05|4|0|0|||||1|1|0|0|0|0|||2,55
U1135-9|||1|1|||0|0|2|2|0|0|0|0|0,5|1|0|0|0|0|||||0|0|0|0|0|0|||3,5
U1136-1|3|3|||||0|0|7|7|3|3|1|1|||2,95|8|0|0|||||2|2|2,5|3|3,5|4|||24,95
U1136-2|||||||0|0|2|2|3|3|2|2|||1,4|5|1|1|||||3|3|7|7|31|31|||50,4
U1136-3|2|2|||||0,4|1|2|2|2|2|1|1|0,5|1|5,3|10|5,75|10|2|2|||4,8|6|0|0|9|9|||34,75
U1136-4|1|1|||||1|1|4|4|0|0|0|0|||3,1|8|2|2|2|2|1|1|3|3|0|0|1|1|||18,1
U1136-5|1|1|||||1,7|2|3|3|0|0|0|0|2,2|6|5,6|11|0|0|||||2|2|1|1|2|2|||18,5
U1136-6|1|1|||||1|1|0|0|0|0|0|0|||2,05|7|0|0|||||0|0|0|0|0|0|||4,05
U1136-7|5|5|||||5|5|6|6|0|0|0|0|||1,8|3|0,2|2|||||1|1|0|0|2|2|||21
U1136-8|1|1|||||0|0|1|1|0|0|0,1|1|||0|0|0|1|||||1|1|0|0|2|2|||5,1
U1137-1|1|1|||||0|0|2|2|0|0|0|0|0,5|1|1,15|5|0|0|1|1|||0|0|0|0|2|2|||7,65
U1137-2|||||||0|0|1|1|0|0|1|1|||12,5|39|0|2|||1|1|2,5|3|0|0|1|1|||19
U1137-3|||||||1|1|0|0|0|0|0|0|||2,45|10|1|1|||||3,3|5|0|0|0|0|||7,75
U1137-4|2|2|||||0|0|5|5|0|0|0|0|||3,25|12|1,4|2|1|1|||0|0|1|1|0,3|2|||13,95
U1137-5|||||||1|1|3|3|0|0|0|0|0,5|1|3,6|10|2|2|||||0,15|1|1|1|0,1|1|||11,35
U1138-1|2|2|||||1|1|2|2|0|0|0|0|0,5|1|0,9|3|0,3|1|||||2,5|3|0|0|1|1|||10,2
U1138-10|1|1|||||1|1|0|0|0|0|0|0|||0|0|0|1|||||1|1|0|0|1|1|||4
U1138-11|1|1|||||1|1|2|2|0|0|4|4|||0|0|0,25|2|||||1|1|0|0|1|1|||10,25
U1138-12|2|2|1|1|||0|0|3|3|0|0|1|1|||0|0|0|0|0,8|1|||3|3|1|1|0|0|||11,8
U1138-13|5|5|||||3|3|10|10|0|0|2|2|0,5|1|0,3|1|0,5|1|||3|3|5,8|6|0|0|1|1|||31,1
U1138-14|2|2|1|1|||0|0|5|5|1|1|0|0|2,5|5|0|0|1|3|||||4|4|0|0|0|0|||16,5
U1138-15|2|2|||||0|0|3|3|0|0|0|0|0,5|1|2,8|7|0|2|||||4,5|5|0|0|0|0|||12,8
U1138-16|1|1|1|1|||0|0|3|3|0|0|0|0|||3,2|6|0|1|||||6|6|0|0|0|0|||14,2
U1138-17|2|2|||||0|0|2|2|0|0|1|1|||0,65|2|0|0|||||1|1|0|0|2|2|||8,65
U1138-2|3|3|1|1|||0|0|3|3|1|1|1|1|1|2|1,6|5|0|1|||||5,2|6|0|0|2|2|0,8|1|19,6
U1138-3|2|2|1|1|||1|2|4|4|0|0|0|0|1,8|4|2,95|10|1,3|2|1|1|1|1|4|4|0|0|0|0|2|2|22,05
U1138-4|0,8|1|||||1|1|7,3|9|0|0|1|1|0,5|1|2,05|7|2|3|||||2|2|1|1|2,5|3|||20,15
U1138-5|2|2|||||0|0|4|4|0|0|1|1|2|4|0,85|4|0|1|||||5|5|0|0|2|2|||16,85
U1138-6|2|2|4,5|5|||1|1|1|1|0|0|1|1|0,8|2|0,3|1|0|0|||1,8|2|5,8|6|0|0|1|1|||19,2
U1138-7|2|2|1|1|||0|0|3|3|0|0|1|1|||1,5|5|0|0|||||5|5|0|0|0|0|||13,5
U1138-8|1|1|||||0|0|1|1|0|0|1|1|||0,8|2|1|1|||||1|1|0|0|1|1|||6,8
U1138-9|2|2|||||2|2|0|0|0|0|1|1|||0,8|2|1|2|||||3|3|0|0|1|1|||10,8
U1139-1|2|2|||||2|2|5|5|0|0|0|0|2,5|5|2,8|9|0,3|1|||||3|3|0|0|0|0|||17,6
U1140-1|4|4|2|2|||0|0|5|5|0|0|0|0|0,8|2|5|16|3|4|||1|1|4|4|0|0|1|1|||25,8
U1141-1|||4|4|||0|0|0|0|0|0|0|0|||0,65|2|1|1|1|1|||0|0|0|0|0|0|||6,65
U1141-2|2|2|2|2|||0|0|0|0|0|0|1|1|||3,5|12|0,35|1|2|2|||3|3|0|0|0|0|||13,85
U1141-3|2|2|2|2|||1|1|1|1|0|0|0|0|||2,3|3|0|0|1|1|1|1|1|1|0|0|0|0|||11,3
U1142-1|4|4|||||1|1|2|2|0|0|0|0|5,5|11|3,65|12|0|0|||||3,7|5|1|1|1|1|||21,85
U1143-1|2|2|||||2|2|4|4|0|0|0|0|||0|0|0|0|1|1|||0|0|0|0|0|0|||9
U1143-2|3|3|||||9|9|5|5|0|0|0|0|||1|1|0|0|||2|2|1|1|0|0|0|0|||21
U1143-3|||5|5|||1|1|5|5|0|0|0|0|||0|0|0|0|||1|1|1|1|0|0|0|0|||13
U1143-4|||1|1|||6|6|1|1|0|0|0|0|||0|0|0|0|||||1|1|0|0|0|0|||9
U1144-1|||1|1|||0|0|1|1|0|0|0|0|0,4|1|2,7|10|1|1|||||2|2|0|0|0|0|||8,1
U1144-2|||||||0|0|2|2|0|0|0|0|1|2|3|10|0|0|||||2|2|0|0|0|0|||8
U1144-3|||||||1|1|4|4|0|0|0|0|2|4|2|6|1|1|||||5,3|6|0|0|0|0|||15,3
U1145-1|||||||0|0|17|17|0|0|0|0|8,95|19|1,8|6|1,5|3|||||0,75|2|0|0|0|0|||30
U1146-1|||4,5|5|||3|3|6|6|0|0|0|0|1|2|1,25|2|0|0|||2|2|0|0|0|0|0|0|||17,75
U1146-2|||2,8|3|||0|0|5|5|0|0|0|0|0,5|1|1,2|5|0|1|1|1|1,8|2|0,8|1|0|0|0|0|||13,1
U1146-3|2|2|||||0|0|4|4|0|0|0|0|0,5|1|1,2|5|0|0|1|1|1|1|0|0|0|0|0|0|||9,7
U1146-4|3|3|||||0|0|4|4|0|0|0|0|||1,9|7|0,5|3|2,8|3|||3,8|4|0|0|0|0|||16
U1147-1|1,6|2|1|1|||2|2|1|1|0|0|0|0|||3,5|12|0,2|2|1|1|2|2|6|6|0|0|0|0|||18,3
U1148-1|||||||0|0|1|1|0|0|1|1|0,5|1|3,25|9|1,35|4|||0,5|1|2|2|0|0|0|0|||9,6
U1148-2|1|1|1|1|||1|1|2|2|0|0|0|0|0,5|1|3,05|12|0|0|||||0|0|0|0|0|0|||8,55
U1148-3|1|1|1|1|||2|2|12|12|0|0|0|0|6,3|13|1,8|6|2|3|||||5,5|6|0|0|0|0|||31,6
U1148-4|5|5|||||4|4|6|6|0|0|1|1|1|2|2,2|9|0,15|3|||1|1|7,6|8|0|0|2|2|||29,95
U1148-5|||1|1|||0|0|0|0|0|0|0|0|||2,4|10|3,9|8|||||2,3|3|0|0|1|1|||10,6
U1148-6|1|1|||||0|0|0|0|0|0|0|0|||0|0|0|0|||||0|0|0|0|0|0|||1
U1149-1|1|1|1|1|||1|1|1|1|0|0|1|1|0,5|1|1,5|5|1,5|3|||||1|1|0|0|1|1|||10,5
U1149-10|4,5|5|1|1|||1|1|1|1|0|0|1|1|||1,75|7|0,25|1|||||1,8|2|0|0|0|0|||12,3
U1149-11|2|2|||||0|0|2|2|0|0|0|0|0,25|1|2,15|8|0,25|1|||||4,5|5|0|0|1|1|||12,15
U1149-12|1|1|||||1|1|1|1|0|0|0|0|||1,6|6|0|0|1|1|||0,5|1|0|0|0|0|||6,1
U1149-13|1|1|||||0|0|0|0|0|0|2|2|||0|0|0|0|||||1|1|0|0|0|0|||4
U1149-2|2|2|1|1|||0|0|3|3|0|0|1|1|0,5|1|0,75|3|0,25|1|||||1|1|0|0|0|0|||9,5
U1149-4|2|2|||||0|0|1|1|0|0|0|0|||2,1|8|0|0|||||0|0|0|0|0|0|||5,1
U1149-5|||||||0|0|0|0|0|0|1|1|||1,4|6|0|0|||||1|1|0|0|0|0|||3,4
U1149-6|||2|2|||0|0|0|0|0|0|1|1|||0,75|3|0|0|||||1|1|0|0|0|0|||4,75
U1149-7|||1|1|||1|1|0|0|0|0|0,25|1|0,5|1|3,45|10|0|0|||||0|0|0|0|1|1|||7,2
U1149-8|1|1|||||0|0|0|0|0|0|0|0|0,5|1|1,8|7|0|0|||||1|1|0|0|1|1|||5,3
U1149-9|||||||0|0|0|0|0|0|0|0|||0,85|3|0,25|1|||||0|0|0|0|0|0|||1,1
U1150-1|1|1|1,05|2|||0|0|11|11|0|0|0|0|3,5|7|0,75|3|0|0|||1,25|2|1,25|2|0|0|0|0|||19,8
U1151-1|3|3|1|1|||1|1|2|2|0|0|1|1|1|2|2,35|7|0|0|||1|1|2,5|3|0|0|1|1|||15,85
U1151-10|1|1|||||1|1|1|1|0|0|2|2|0,3|1|1|4|0,3|1|||||1|1|0|0|0|0|||7,6
U1151-11|1|1|1|1|||1|1|3|3|0|0|0|0|||1,35|4|0,5|1|||||4,8|5|0|0|0|0|||12,65
U1151-12|2|2|0,5|1|||2|2|0|0|0|0|2|2|0,5|1|0,15|1|0|1|||||3|3|0|0|1|1|||11,15
U1151-13|1|1|2|2|||0|0|2|2|0|0|0|0|||0,3|1|0|1|||||2,8|3|0|0|0|0|1|1|9,1
U1151-14|1|1|||||1|1|2|2|0|0|1|1|||0|0|0|0|||||0|0|0|0|1|1|||6
U1151-15|||||||0|0|0|0|0|0|2|2|||0,3|1|0|0|||||2|2|1|1|0|0|||5,3
U1151-17|||||||0|0|0|0|0|0|0|0|||0,3|1|0|0|||||0|0|0|0|0|0|||0,3
U1151-2|2|2|1|1|||1|1|1|1|0|0|1|1|0,5|1|0,8|2|0|0|||||2,8|3|0|0|1|1|||11,1
U1151-3|1|1|||||0|0|0|0|0|0|0|0|||0|0|0|0|||||0|0|0|0|0|0|||1
U1151-4|3|3|||||0|0|1|1|0|0|0|0|||0,6|2|0|1|||||2|2|0|0|0|0|||6,6
U1151-5|2|2|||||3|3|2|2|0|0|4|4|||0,4|2|0|0|||||2|2|0|0|0|0|||13,4
U1151-6|2|2|||||2|2|2|2|0|0|1|1|||1,3|5|0|0|||||6|6|0|0|2|2|||16,3
U1151-7|||2|2|||0|0|2|2|0|0|0|0|0,5|1|0,9|3|0|1|||||3,8|4|0|0|1|1|||10,2
U1151-8|1|1|1|1|||0|0|0|0|0|0|0|0|||0|0|0|0|||||1|1|0|0|0|0|||3
U1151-9|1|1|1|1|||1|1|1|1|0|0|0|0|||0,3|1|0|0|||||1,8|2|0|0|0|0|||6,1
U1152-1|1|1|||||1|1|0|0|0|0|2|2|||0,8|3|0|0|||||3|3|0|0|0|0|||7,8
U1152-2|1|1|1|1|||1|1|0|0|0|0|1|1|0,5|1|1,1|7|0|0|||||2|2|0|0|0|0|||7,6
U1152-3|1|1|||||1|1|1|1|0|0|0|0|||1,25|6|0|0|||||0|0|0|0|0|0|||4,25
U1152-4|||||||0|0|0|0|0|0|0|0|1|2|0,1|1|0|0|||||0|0|0|0|0|0|||1,1
U1153-1|4|4|||||0|0|8,5|9|0,45|1|3|3|||9|29|1,6|4|4|4|||2,8|3|0|0|10,2|11|||43,55
U1153-2|||||||0|0|2|2|5,2|6|0|0|||5,1|10|0|1|||||0|0|0|0|3|3|||15,3
U1153-3|1|1|||4|4|1|1|10,5|11|1|1|0|0|2|4|3,35|10|0|1|||2|2|16|16|0|0|4|4|1|1|45,85
U1153-4|||||||0|0|0|0|0|0|0|0|||2,9|9|0|0|||||1|2|0|0|2|2|||5,9
U1153-5|1|1|||||0,3|1|11|12|0|0|1|1|0,5|1|3|9|0,7|2|||||12|13|0|0|2|2|||31,5
U1153-6|4,8|5|||0,9|1|0|0|5,5|6|0|0|2|2|||0|0|0,5|1|||||2,5|3|0|0|1|1|||17,2
U1153-7|1|1|||||0|0|3|3|0|0|0|0|||1,2|2|1|1|1|1|3|3|6|6|1|1|1|1|||18,2
U1154-1|1|1|0,9|1|||0|0|2|2|0|0|0|0|0,5|1|0|0|0|0|1|1|||3|3|0|0|0|0|||8,4
U1154-2|||1|1|||0|0|3|3|0|0|1|1|2,5|5|0|0|0|0|||||2|2|0|0|0|0|||9,5
U1154-3|1|1|4|4|||0|0|2|2|0|0|0|0|1|2|0|0|0|1|||||0|0|0|0|0|0|||8
U1155-1|2|2|||||0|0|1|1|0|0|2|2|||1,5|4|0|0|||||1,8|2|0|0|0|0|||8,3
U1155-2|3|3|||||2|2|1|1|0|0|1|1|||3,45|10|0|0|||||2,8|3|0|0|0|0|||13,25
U1156-1|4|4|||||2|2|3|3|0|0|0|0|||0,3|1|0|0|||||1|1|0|0|0|0|||10,3
U1156-2|||2|2|||0|0|1|1|0|0|0|0|1|2|0|0|0|0|||||2|2|0|0|0|0|||6
U1156-3|||1|1|||1|1|2|2|0|0|0|0|0,5|1|0|0|0|0|||||3|3|0|0|0|0|||7,5
U1156-4|1|1|||||0|0|0|0|0|0|0|0|||0|0|0|0|||||1|1|0|0|0|0|||2
U1157-1|||||1|1|0|0|3|3|0|0|0|0|0,5|1|4,15|12|1|1|||||4|4|0|0|2|2|||15,65
U1157-2|||||||0|0|0|0|0|0|0|0|||0,3|1|0|0|||||0|0|0|0|1|1|||1,3
U1158-1|1|1|||||2|2|4,5|5|0|0|0|0|3,9|8|5,2|13|0|0|||||1|1|0|0|0|0|||17,6
U1159-1|0,8|1|||||0|0|2|2|0|0|0|0|||2,4|7|1,2|2|||||1|4|0|0|1|1|||8,4
U1160-1|4|4|||1|1|3|3|4|4|0|0|0|0|0,5|1|1,6|5|0,4|1|||||8|8|0|0|0|0|||22,5
U1160-2|1|1|1|1|||1|1|2|2|0|0|0|0|||1,2|4|1|1|||||0,5|1|0|0|0|0|||7,7
U1160-3|1|1|1|1|1|1|1|1|1|1|0|0|0|0|||1,5|6|1|1|||||0,5|1|0|0|1|1|||9
U1161-1|1|1|||||2|2|0|0|0|0|2|2|||2,4|7|2,1|3|1|1|||4|4|1|1|1|1|||16,5
U1162-1|3|3|||||3|3|8|8|0|0|2|2|0,1|1|1,85|6|0,15|2|||1|1|4|4|1|1|1|1|||25,1
U1162-2|1|1|||||2|2|2|2|0|0|0|0|||0,15|1|0|0|1|1|1|1|4|4|0|0|0|0|||11,15
U1163-1|1|1|1|1|||0|0|1|1|0|0|1|1|||0,2|1|0,3|1|||||2|2|0|0|0|0|||6,5
U1163-10|1,8|2|||||1|1|0|0|0|0|0|0|||0|0|0|1|1|1|||2|2|0|0|0|0|||5,8
U1163-11|3|3|||||1|1|4|4|0|0|1|1|||1,1|2|0|1|0,9|1|||1|1|0|0|1|1|||13
U1163-12|1|1|||||0|0|0|0|0|0|0|0|||1,5|5|0|0|||||1|1|0|0|0|0|||3,5
U1163-13|1|1|1|1|||1|1|1|1|0|0|1|1|||1,65|3|1,2|2|0,9|1|||2,5|3|0|0|2|2|1|1|14,25
U1163-14|9|9|||||0|0|3|3|0|0|0|0|||1,85|6|1|1|||||5,4|6|0,5|1|3|3|||23,75
U1163-15|1|1|||1|1|0|0|2|2|0|0|2|2|||0,95|5|0|0|1|1|||4|4|0|0|0|0|||11,95
U1163-16|2|2|1|1|||0|0|2|2|0|0|1|1|||0,15|1|0|0|||||1|1|0|0|0|0|||7,15
U1163-17|1|1|||||0|0|1|1|0|0|2|2|||1,3|2|0|0|||||0,5|1|0|0|0|0|||5,8
U1163-18|2|2|||||0|0|2|2|0|0|0|0|||0|0|0|0|||||2|2|0|0|0|0|||6
U1163-19|3|3|||||1|1|1|2|0|0|0|0|||0,2|1|0|0|||||0|0|0|0|0|0|||5,2
U1163-20|1|1|1|1|||2|2|0|0|0|0|0|0|||0,3|1|0|0|1|1|||2|2|0|0|2|2|||9,3
U1163-21|1|1|||||1|1|1|1|0|0|0|0|||0|0|0|0|||||0|0|0|0|1|1|||4
U1163-22|0,5|1|||||0|0|0|0|0|0|0|0|||0|0|0|0|||||0|0|0|0|0|0|||0,5
U1163-23|1|1|||||1|1|0|0|0|0|2|2|||0|0|0|0|||||1|1|0|0|0|0|||5
U1163-24|||||||0|0|0|0|0|0|1|1|1|1|0|0|0|0|||||0|0|0|0|0|0|||2
U1163-25|1|1|||||0|0|0|0|0|0|0|0|||0|0|0|0|||||0|0|0|0|0|0|||1
U1163-3|2|2|||||1|1|0|0|0|0|0|0|||0,9|3|0|0|||||2|2|0|0|0|0|||5,9
U1163-4|1|1|1|1|||1|1|0|0|0|0|0|0|||0|0|0|0|||||0,8|1|0|0|0|0|||3,8
U1163-5|3|3|||||1|1|0|0|0|0|1|1|||0,6|2|0,2|1|0,8|1|||0|0|0|0|0|0|||6,6
U1163-6|1,5|2|1|1|||1|1|3,2|4|0|0|1,8|2|||1|3|0,6|4|0,5|1|1|1|5,5|9|0|0|1,6|4|0,5|1|19,2
U1163-8|1|1|||||0|0|1|1|0|0|1|1|||3,65|10|0|1|1,9|2|||1|1|0|0|0|0|||9,55
U1163-9|2|2|||||0|0|1|1|0|0|0|0|||1,3|4|0|0|1|1|||1|1|0|0|0|0|||6,3
U1164-1|1|1|||||3|3|5|5|0|0|0|0|2|4|0|0|2|3|||||2,6|3|0|0|0|0|||15,6
U1164-2|1|1|2|2|||1|1|4|4|0|0|0|0|1,5|3|0|0|0,5|1|||||1|1|0|0|0|0|||11
U1165-1|2|2|||||2,2|3|2|2|0|0|0|0|0,5|1|5,8|16|3|4|1|1|||1,4|2|0|0|0,4|1|||18,3
U1166-1|3|3|1|1|||0|0|4|4|0|0|1|1|0,5|1|2,1|12|0,1|3|1|1|||6,9|7|2|2|3|3|||24,6
U1166-2|2|2|||||0|0|1|1|0|0|0|0|||2,95|10|0|1|||||3,1|4|0|0|0|0|||9,05
U1166-3|||2|2|||3|3|2|2|0|0|0|0|1|2|2,2|7|0|1|||||3|3|0|0|0|0|||13,2
U1166-4|6|6|||||1|1|8|8|0|0|0|0|0,5|1|1,7|8|0,1|1|1|1|||1|1|0|0|1|1|||20,3
U1166-5|||||||2|2|0|0|0|0|1|1|||0,85|3|0|0|||||2,8|3|0|0|2|2|||8,65
U1166-6|1|1|||0,8|1|2|2|3|3|0|0|1|1|0,5|1|3,25|9|0,9|1|1|1|||9|9|0|0|0|0|||22,45
U1167-1|1|1|||||0|0|0|0|0|0|0|0|||1,2|3|4|6|||||2|2|0|0|0|0|||8,2
U1167-2|1|1|||||3|3|3|3|0|0|0|0|||1,2|4|0|0|||||2|2|0|0|0|0|||10,2
U1167-3|2|2|||||3,5|4|4|4|0|0|0|0|1,5|3|0,6|2|0|0|||||9|9|0|0|1|1|||21,6
U1168-1|3|3|||||0,5|1|7,85|9|0|0|0|0|||3,2|12|1|1|1|1|||0,9|3|0|0|1|1|||18,45
U1169-1|1|1|||||0|0|1|1|0|0|0|0|||2,1|5|0|0|||||7,5|8|0|0|4|4|||15,6
U1169-2|1|1|||||0|0|2|2|0|0|0|0|||1|4|0|1|||||4|4|0|0|2|2|||10
U1169-3|1|1|||||0|0|0|0|0|0|0|0|||0,9|4|0|0|||||0|0|0|0|2|2|||3,9
U1170-1|2|2|2|2|||5|5|2|2|0|0|0|0|||3,35|6|1|1|1|1|||0|0|0|0|3|3|||19,35
U1170-2|1|1|||||0|0|2|2|0|0|1|1|||0|0|0|0|||||1|1|1|1|1|1|||7
U1170-3|4|4|2|2|||1|1|5|5|0|0|1|1|||1,4|4|1|1|||||3|3|0|0|2|2|||20,4
U1170-4|6,5|7|1|1|||4|4|9,5|10|0|0|1|1|||0,75|2|0|0|||||4|4|0|0|2|2|||28,75
U1170-5|1|1|||||0|0|0|0|0|0|2|2|||0|0|0|0|||||1|1|0|0|0|0|||4
U1170-6|1|1|||||2|2|1|1|0|0|0|0|||0|0|0|0|||||1|1|0|0|1|1|||6
U1171-1|1|1|||||0|0|0|0|0|0|0|0|3,8|8|6,35|21|0|0|||||0|0|0|0|0|0|||11,15
U1172-1|2|2|2|2|||2,5|3|11|11|0|0|3|3|3|6|1,15|4|1,2|2|1|1|||3,8|5|0|0|7|7|||37,65
U1172-2|1|1|1|1|||3|3|5|5|0|0|3|3|1|2|2,8|7|0|1|||1|1|3|3|0|0|0|0|||20,8
U1172-3|3|3|1|1|||1|1|7|7|0|0|0|0|1|2|4,4|12|4,5|6|||2|2|9,7|10|1|1|1|1|||35,6
U1172-5|3|3|1|1|||0|0|3|3|0|0|0|0|0,5|1|3,9|14|7,7|9|||||5|5|1|1|2|2|||27,1
U1172-6|1|1|||||0|0|3|3|0|0|0|0|1,8|4|1,2|4|1,3|2|||||3|3|0|0|2|2|||13,3
U1172-7|||||||0|0|4|4|0|0|0|0|4|8|0|0|0|1|||||3|3|1|1|1,5|2|||13,5
U1172-8|1|1|||||0|0|0|0|0|0|2|2|||0|0|0|0|||||0|0|0|0|0|0|||3
U1173-1|||||||0|0|0|0|0|0|0|0|0,5|1|3,95|13|1|1|||||1|1|0|0|0|0|0,5|1|6,95
U1173-2|||||||0|0|0|0|0|0|0|0|1,3|3|3,4|11|0|0|||||2|2|1|1|1|1|||8,7
U1173-3|||||||0|0|0|0|0|0|0|0|1,5|3|3,2|9|0|0|||2|2|0|0|0|0|0|0|||6,7
U1174-1|2|2|||||1|1|5|5|0|0|1|1|3,3|7|0,6|2|0|1|1|1|||6|6|0|0|0|0|||19,9
U1175-1|1|1|||8|8|0|0|4|4|0|0|1|1|||0,6|2|0|0|||2|2|5,3|6|0|0|0|0|||21,9
U1175-2|||||4|4|3|3|1|1|0|0|0|0|||0|0|0|0|||1|1|3|3|0|0|0|0|||12
U1175-3|||||||0|0|0|0|0|0|0|0|1,45|3|1,5|5|0|1|||||3,5|4|0|0|1|1|0,6|1|8,05
U1175-4|||||3|3|0|0|2|2|0|0|0|0|||0|0|4|5|||||1,8|2|0|0|0|0|||10,8
U1176-1|6|6|||||1|1|1|1|0|0|1|1|||0,95|4|0|0|||||2,7|3|0|0|1|1|||13,65
U1176-2|1,8|2|||||0|0|1|1|0|0|0|0|1,5|3|0,1|1|0|0|||||2|2|0|0|0|0|||6,4
U1177-1|||||||5|5|4|5|1|1|0|0|4|8|0|0|0|0|1|1|||7|7|0|0|0|0|||22
U1178-1|||||||0|0|0|0|0|0|0|0|||5,35|10|1,35|2|||||1|1|0|0|0|0|||7,7
U1178-2|1|1|||||0|0|1|1|0|0|0|0|1|2|5,3|14|1,8|4|||||3|3|0|0|0|0|||13,1
U1178-3|||||||2|2|5|5|0|0|0|0|2|4|5,5|11|8,55|10|||||2|2|0|0|0|0|||25,05
U1178-4|1|1|||||3|3|2,5|3|0|0|1|1|6,5|12|15,5|27|9,2|11|0,5|1|||1,35|2|0|0|0|0|||40,55
U1178-5|||||1|1|1|1|0|0|0|0|0|0|0,8|2|0,5|1|4,5|6|||||0|0|0|0|0|0|||7,8
U1179-1|2|2|1|1|||2|2|3|3|0|0|1|1|||2,75|9|0|1|||||2,8|3|0|0|0|0|||14,55
U1179-2|||||||1|1|0|0|0|0|0|0|||1,05|4|0|1|||||1|1|0|0|1|1|||4,05
U1179-3|||||||3|3|4|4|0|0|0|0|1,7|4|2,4|11|1|1|||1|1|3|3|0|0|0|0|||16,1
U1180-1|1|1|||||0|0|2|2|0|0|0|0|2|4|0|0|0|1|||||1|1|0|0|0|0|||6
U1180-2|3,7|4|1|1|||0|0|5|5|0|0|0|0|1,5|3|0,1|1|0|0|||||2|2|1|1|2|2|||16,3
U1180-3|2|2|||||1|1|6|6|0|0|1|1|1,5|3|0,25|1|0|1|||||1|1|0|0|0|0|||12,75
U1181-1|2|2|||||4|4|7|7|0|0|0|0|0,5|1|0,8|4|2|2|||||3|3|0|0|3|3|||22,3
U1181-2|1,8|2|||||0|0|3|3|0|0|0|0|0,5|1|0,55|2|0|0|1|1|||0|0|0|0|2,05|3|||8,9
U1182-1|||2|2|||0|0|3|3|0|0|0|0|1,5|3|0|0|0|0|||||3|3|0|0|0|0|||9,5
U1182-2|2|2|4|4|||0|0|4|4|0|0|0|0|||0|0|0|0|1|1|0,8|1|2|2|0|0|0|0|||13,8
U1182-3|1|1|7|7|||4|4|4|4|0|0|0|0|0,5|1|0|0|0|0|||||1|1|0|0|1|1|||18,5
U1182-4|||2|2|||1|1|2|2|0|0|0|0|||0|0|0|0|||||1|1|2|2|0|0|||8
U1183-1|11,5|12|4|4|||1|1|8,5|9|0|0|2|2|3,75|8|5|17|2,2|5|2,5|3|2|2|19,8|20|0|0|6|6|||68,25
U1183-2|6,5|7|3|3|||0|0|1|1|0|0|0|0|1,25|3|3|10|0,6|2|||||3|3|0|0|1|1|||19,35
U1183-3|1|1|||||1|1|3|3|0|0|0|0|1,5|3|0,3|1|0|0|||||2,8|3|0|0|1|1|||10,6
U1183-4|1|1|1|1|||1|1|3|3|0|0|0|0|||0|0|0|0|||||0|0|0|0|0|0|||6
U1184-1|1|1|||||0|0|0|0|0|0|0|0|||2|5|2|2|||||0|0|0|0|0|0|||5
U1184-2|2|2|1|1|||1|1|4|4|0|0|0|0|||0|0|4|4|||||2|2|0|0|0|0|||14
U1184-3|1|1|||||0|0|2|2|0|0|0|0|||1,2|4|0|0|||||1|1|0|0|0|0|||5,2
U1184-4|||||||0|0|1|1|0|0|0|0|||0,6|2|0|0|||||1|1|0|0|0|0|||2,6
U1185-1|5,9|6|||||0|0|14|14|0|0|0|0|||2,7|9|1|1|1|1|||0|0|0|0|0|0|||24,6
U1186-1|3|3|1|1|||3|3|5|5|0|0|0|0|2|4|1|5|1,6|3|||||3,6|4|0|0|1|1|||21,2
U1186-2|1|1|||||0|0|2|2|0|0|0|0|||0|0|0|0|||||1|1|0|0|0|0|||4
U1187-1|||1|1|||2|2|3|3|0|0|1|1|1,5|3|0,3|1|0|0|||||1|1|0|0|0,5|1|||10,3
U1187-2|1|1|||||1|1|3|3|0|0|0|0|2,3|7|0,7|3|1|1|||||1|1|0|0|0|0|||10
U1188-1|2|2|1|1|||0|0|10|10|0|0|0|0|4,35|11|1,1|5|0|0|||0,5|1|1,25|2|1|1|1|1|||22,2
U1189-1|0,8|1|||||1|1|2|2|0|0|0|0|||4,2|16|2|2|0,8|1|||2|2|0|0|3|3|||15,8
U1190-1|||||||2|2|0|0|1|1|0|0|1|2|1,1|3|5|5|||1|1|8,25|9|0|0|3,6|4|||22,95
U1191-1|1|1|3|3|||1|1|1|1|1|1|1|1|||0|0|0|0|||||0|0|0|0|2|2|||10
U1191-10|||4|4|||0|0|0|0|0|0|0|0|||0|0|0|0|||||1|1|0|0|0|0|||5
U1191-11|0,8|1|3|3|||0|0|1|1|0|0|2|2|0,5|1|0|0|0|0|0,8|1|||3|3|0|0|1|1|||12,1
U1191-12|4|4|2,9|3|||0|0|1|1|0|0|1|1|1,5|3|0|0|0|0|||||1,5|2|0|0|3|3|||14,9
U1191-13|||||||0|0|0|0|0|0|0|0|||1,4|6|0|0|||||0,25|1|0|0|0|0|||1,65
U1191-14|||1|1|||0|0|0|0|0|0|0|0|||0|0|0|0|||||1|1|0|0|0|0|||2
U1191-15|||2|2|||0|0|0|0|0|0|0|0|||0,6|2|0|0|||||1,5|2|0|0|1|1|||5,1
U1191-16|2|2|||||0|0|0|0|0|0|1|1|||0|0|0|0|||||0|0|0|0|0|0|||3
U1191-18|||2|2|||0|0|1|1|0|0|0|0|||0,3|1|0|1|||||0|0|0|0|1|1|||4,3
U1191-19|1|1|1|1|||0|0|0|0|0|0|0|0|0,5|1|0|0|0|0|||||0|0|0|0|1|1|||3,5
U1191-2|1|1|3|3|||0|0|3|3|0|0|0|0|1|2|0,25|1|0|1|||1|1|1|1|0|0|2|2|||12,25
U1191-20|1|1|1|1|||0|0|0|0|0|0|1|1|||0|0|0|0|||||0|0|0|0|1|1|||4
U1191-21|3|3|||||1|1|0|0|0|0|2|2|0,5|1|0|0|0|0|||||0|0|0|0|5|5|||11,5
U1191-22|||1|1|||0|0|0|0|0|0|0|0|||0|0|0|0|||||0|0|0|0|0|0|||1
U1191-23|||||||0|0|0|0|0|0|1|1|||0|0|0|0|||||0|0|0|0|0|0|||1
U1191-3|3|3|||||0|0|0|0|0|0|0|0|||0|0|0|0|||||0|0|0|0|0|0|||3
U1191-4|3|3|1|1|||0|0|0|0|0|0|0|0|||0,3|1|0|0|||||2|2|0|0|0|0|||6,3
U1191-5|1|1|4|4|||0|0|0|0|1|1|1|1|||0|0|0|0|1|1|||2,5|3|0|0|6|6|||16,5
U1191-6|1|1|2|2|||0|0|1|1|0|0|0|0|0,5|1|0|0|0|0|||||1|1|0|0|0|0|||5,5
U1191-7|1|1|3|3|||0|0|1|1|0|0|0|0|||0,4|2|0|0|||||1|1|0|0|0|0|||6,4
U1191-8|1|1|2|2|||0|0|1|1|0|0|1|1|0,5|1|2|2|0|1|1|1|||3|3|0|0|0|0|||11,5
U1191-9|1|1|2|2|||0|0|1|1|0|0|1|1|0,5|1|0|0|0|0|||||1|1|0|0|0|0|||6,5
U1192-1|||||||4|4|9,5|10|0|0|0|0|5|9|3,25|6|1,65|3|||||6,5|7|0|0|0|0|0,6|1|30,5
U1193-1|1|1|||||1|1|0|0|0|0|0|0|||2,75|8|0,5|1|||||1|1|0|0|0|0|||6,25
U1193-2|1,5|2|||||0|0|0|0|0|0|0|0|0,5|1|3|7|0|2|||||1|1|0|0|0|0|||6
U1193-3|1|1|||||0|0|0|0|0|0|2|2|||0,9|3|0|1|||||1|1|0|0|1|1|||5,9
U1193-4|||||||0|0|0|0|0|0|0|0|3|6|4,5|11|0|1|||||4|4|0|0|0|0|||11,5
U1194-1|3|3|1|1|||1|1|7,4|8|0|0|2|2|1|2|0,5|2|3,2|4|||||3|3|0|0|3|3|||25,1
U1194-10|2|2|2|2|||0|0|2|2|0|0|0|0|0,5|1|1,1|2|0|0|||||1|1|0|0|1|1|||9,6
U1194-11|1|1|4|4|||0|0|3|3|0|0|1|1|||0,3|1|0|0|||||0|0|0|0|0|0|||9,3
U1194-12|2|2|1|1|||0|0|5|5|0|0|0|0|1|2|1,1|3|0,5|1|||||1,5|3|0|0|3|3|||15,1
U1194-2|3|3|||||1|1|6|6|1|1|0|0|2,5|5|0,1|1|0,5|1|||||3|3|0|0|0|0|||17,1
U1194-3|2|2|1|1|||0|0|2|2|0|0|0|0|||0|0|0|0|||||0,8|1|0|0|0|0|||5,8
U1194-4|2|2|1|1|||0|0|6|6|0|0|1|1|||1,1|4|2|2|||||2|2|0|0|1|1|||16,1
U1194-5|1|1|||||0|0|2|2|0|0|1|1|0,5|1|1|1|0|0|||||1|1|0|0|0|0|||6,5
U1194-6|1|1|1|1|||0|0|1|1|0|0|0|0|||0,4|2|0|0|||1|1|1|1|0|0|0|0|||5,4
U1194-7|4|4|||||1|1|1|1|0|0|2|2|||0,3|1|0|0|||||0,8|1|0|0|1|1|||10,1
U1194-8|4|4|1|1|||0|0|3|3|0|0|1|1|||0,55|2|0|0|||||3|3|0|0|1|1|||13,55
U1194-9|3|3|||||1|1|2|2|0|0|0|0|||0|0|0|0|||||1|1|0|0|1|1|||8
U1195-1|3,95|4|1|1|||0|0|3|3|1|1|1|1|||3,65|9|7,5|8|1,8|2|||7,5|9|0|0|0|0|||30,4
U1195-2|2|2|||||0|0|2|2|0|0|0|0|1|2|0|0|0|0|1|1|||0|0|0|0|0|0|||6
U1196-1|3|3|1|1|||1|1|6|6|0|0|1|1|0,5|1|0|0|0|1|3|3|3|3|3|3|0|0|0|0|||21,5
U1196-2|2|2|6|6|||0|0|0|0|1|1|0|0|0,5|1|0,1|1|0|1|||1|1|5|5|0|0|0|0|||15,6
U1197-1|1|1|2|2|||0|0|0|0|0|0|0|0|0,5|1|0,9|3|0|2|||1|1|4|4|0|0|0|0|1|1|10,4
U1197-2|3|3|3|3|||1,8|3|3,5|4|2|2|2|2|0,8|2|0|0|3|3|||||5|5|1|1|0|0|||25,1
U1198-1|1|1|3|3|||0|0|1|1|0|0|0|0|1|2|0|0|0|0|||||1|1|0|0|1|1|||8
U1198-2|1|1|1|1|||0|0|1|1|0|0|0|0|4|7|0|0|0|0|||||3|3|0|0|0|0|1|1|11
U1201-1|1|1|||2|2|5|5|1|1|0|0|0|0|||0|0|0|0|||||4|4|0|0|0|0|||13
U1201-2|||1|1|||4|4|6|6|2|2|0|0|||0|0|2|4|||||3|3|0|0|0|0|||18
U1201-3|||||1|1|0|0|3|3|0|0|1|1|||0|0|1|1|||||3|3|0|0|0|0|||9
U1202-1|3|3|||1|1|3|3|1|1|0|0|0,5|1|1|1|0,1|1|3|3|||||4,65|5|0|0|0|0|||17,25
U1203-1|1|1|1|1|||0|0|1|1|1|1|0|0|||1,4|4|0|0|1|1|||1|1|1|1|2|2|||10,4
U1204-1|2|2|1|1|||1|1|4|4|0|0|0|0|2,35|5|0|0|2|3|||0,8|1|3,9|5|1|1|0|0|||18,05
U1205-1|3|3|||||0|0|0|0|0|0|0|0|1,05|3|0,55|3|2|2|||||1|1|0|0|0|0|||7,6
U1205-2|2|2|||||0|0|0|0|0|0|0|0|||0|0|0|0|||||0|0|0|0|0|0|||2
U1205-3|1|1|||||0|0|0|0|0|0|0|0|||0|0|0|0|||||0|0|0|0|0|0|||1
U1206-1|1|1|3|3|||0|0|0|0|0|0|0|0|2|4|2,1|7|0|0|||1|1|0|0|0|0|0|0|||9,1
U1206-2|1|1|3|3|||0|0|0|0|0|0|0|0|2,5|5|0,1|1|0|0|||||2,4|3|0|0|1|1|||10
U1206-3|||2|2|||0|0|0|0|0|0|0|0|1,8|4|1,2|4|0|0|||2|2|2|2|0|0|0,5|1|||9,5
U1207-1|1|1|||3|3|1|1|1|1|0|0|0|0|2|4|3,5|7|0|1|||3|3|5|5|0|0|11|11|||30,5
U1208-1|2|2|1|1|2|2|0|0|4|4|0|0|1|1|||0|0|0|0|||||0|0|0|0|4|4|||14
U1208-2|1|1|1|1|||1|1|2|2|0|0|1|1|||0|0|0|0|1|1|||2|2|0|0|1|1|||10
U1208-3|1|1|||||0|0|3|3|1|1|0|0|||0|0|0|1|||||3|3|2|2|1,5|2|||11,5
U1208-4|1|1|2|2|||0|0|4|4|0|0|0|0|||0|0|0|0|||||0|0|1|1|0|0|||8
U1208-5|1|1|2|2|||0|0|5|5|0|0|0|0|||0|0|0|0|||||0|0|0|0|0|0|||8
U1208-6|2|2|||||0|0|3|3|0|0|0|0|||0|0|0|1|1|1|||1|1|0|0|0|0|||7
U1208-7|1|1|||||0|0|3|3|0|0|0|0|||0|0|0|0|||||0|0|0|0|0|0|||4
U1209-1|||5|5|||0|0|3|3|0|0|3|3|1|2|0|0|0|0|||||2,6|3|0|0|0|0|||14,6
U1209-10|||2|2|||0|0|3|3|0|0|0|0|1,5|3|0|0|0|0|||||1|1|0|0|1|1|||8,5
U1209-11|4|4|||||0|0|3|3|0|0|0,5|1|||0,8|2|0,2|1|1|1|||3|3|1|1|3,8|4|||17,3
U1209-12|1|1|1|1|||0|0|2|2|0|0|1|1|||2,2|6|0|0|||||3,3|4|0|0|0|0|||10,5
U1209-13|||||||0|0|1|1|0|0|0|0|||2,3|6|1|1|||||3,5|4|0|0|0|0|||7,8
U1209-14|1|1|2|2|||0|0|2|2|0|0|4|4|0,5|1|4,45|10|0|0|||2|2|5,5|6|0|0|2|2|||23,45
U1209-15|3|3|2|2|||0|0|4|4|0|0|2|2|||0,6|2|0|0|||||2|2|0|0|0|0|||13,6
U1209-16|1|1|1|1|||0|0|1|1|0|0|1|1|||0|0|0|0|||1|1|1|1|0|0|1|1|||7
U1209-17|||1|1|||0|0|1|1|0|0|0|0|||0|0|0|0|||||1|1|0|0|0|0|||3
U1209-18|1|1|||||0|0|1|1|0|0|1|1|0,5|1|0|0|0|0|||||0|0|0|0|1|1|||4,5
U1209-19|||1|1|||0|0|1|1|0|0|1|1|||0|0|0|0|||1|1|0|0|0|0|0|0|||4
U1209-20|1|1|||||0|0|0|0|0|0|0|0|||0|0|0|0|||||1|1|0|0|1|1|||3
U1209-4|||2|2|||0|0|1|1|0|0|1|1|1|2|0|0|0|1|||||2|2|0|0|0|0|||7
U1209-5|2,2|3|2|2|||0|0|3|3|0|0|2|2|0,5|1|1,9|5|0|0|||||9,8|10|0|0|1|1|||22,4
U1209-6|1|1|1|1|||0|0|1|1|0|0|2|2|2|4|1|1|0|0|1,8|2|2|2|2,8|3|0|0|0|0|||14,6
U1209-7|1,3|2|1|1|||1|1|6,5|7|0|0|1|1|0,5|1|1,85|5|0|0|||1|1|3,8|4|0|0|2|2|||19,95
U1209-8|||||||0|0|0|0|0|0|1|1|0,5|1|0,55|2|3|3|||||1|1|0|0|1|1|||7,05
U1210-1|3|3|||||0|0|0|0|0|0|1|1|||0|0|0|0|||||0|0|1|1|5|5|||10
U1210-2|3|3|2|2|||0|0|0|0|0|0|0|0|||4,45|8|0|1|||||2|2|0|0|0|0|||11,45
U1211-1|3|3|1|1|||0|0|0|0|0|0|1|1|1,5|3|3,2|8|0|0|||||6|7|0|0|1,5|2|||17,2
U1212-1|2,9|3|||||0|0|2|2|0|0|0|0|1,9|4|0|0|1|1|1|1|||2,8|3|0|0|0|0|||11,6
U1212-2|4|4|1|1|||0|0|5|5|0|0|0|0|2|4|0|0|0|0|||||1,8|2|0|0|0|0|||13,8
U1212-3|||||||1|1|4|4|0|0|1|1|3,5|7|0,3|1|0|0|||||0|0|0|0|0|0|||9,8
U1212-4|2|2|1|1|||0|0|5|5|0|0|1|1|0,5|1|0|0|0|1|||||3,9|4|0|0|2|2|||15,4
U1212-5|1|1|||||0|0|1|1|0|0|1|1|||0|0|0|0|||||0|0|0|0|0|0|||3
U1212-6|1|1|||||0|0|0|0|0|0|0|0|||0|0|0|0|||||0|0|0|0|0|0|||1
U1212-7|1|1|||||2|2|1|1|0|0|0|0|||0|0|0|0|||||0|0|0|0|0|0|||4
U1213-1|||2|2|1|1|1|1|4,5|5|0|0|0|0|||0,3|1|0|0|||||5,6|6|0|0|0|0|||14,4
U1214-1|1|1|||||1,3|4|7|7|0|0|3|3|1,8|4|5,8|20|0,5|1|1|1|||1|1|0|0|0|0|||22,4
U1214-2|2|2|||||0|0|10|10|0|0|0|0|1,6|4|3|13|0,5|1|||||2|2|0|0|0|0|||19,1
U1215-1|1|1|2|2|||2|2|4|4|0|0|0|0|1|2|0|0|0|0|||||5,8|6|0|0|2|2|||17,8
U1215-10|2|2|1|1|||2|2|2|2|0|0|0|0|||0|0|0|0|||||0|0|0|0|0|0|||7
U1215-2|3|3|2|2|||1|1|2|2|0|0|0|0|0,5|1|0|0|0|0|||||2|2|0|0|2|2|||12,5
U1215-3|1|1|2|2|||3|3|3|3|0|0|2|2|2|4|0,9|4|0|0|||||2,5|3|0|0|0|0|||16,4
U1215-5|||1|1|||0|0|1|1|0|0|0|0|1,5|3|0|0|1|1|||1|1|1|1|0|0|0|0|||6,5
U1215-6|3|3|||||3|3|1|1|0|0|1|1|||0|0|0|0|0,5|1|||1|1|0|0|2|2|||11,5
U1215-7|4|4|||||2|2|5|5|0|0|2|2|||0|0|0|0|||||1,5|2|0|0|2|2|||16,5
U1215-8|1|1|||||0|0|1|1|0|0|0|0|0,5|1|0,6|2|0|0|||||2,8|3|0|0|0,5|1|||6,4
U1215-9|2|2|||||3|3|5|5|0|0|1|1|||0|0|0|0|||||0,5|1|0|0|1|1|||12,5
U1216-1|4|4|1|1|||0|0|1|1|0|0|0|0|0,5|1|1|1|2,8|3|2,9|3|||2|2|0|0|0|0|||15,2
U1216-12|||||||0|0|0|0|0|0|0|0|2|4|0|0|0|0|||||1,7|2|0|0|0|0|||3,7
U1216-13|3|3|||||0|0|5,5|6|0|0|3|3|2|4|2|6|0,75|3|1|1|||1,1|2|0|0|0|0|||18,35
U1216-14|1|1|||||0|0|0|0|0|0|0|0|||0|0|0|0|||||1|1|0|0|1|1|||3
U1216-15|1|1|||||0|0|0|0|0|0|0|0|||0|0|0|0|||||0|0|0|0|0|0|||1
U1216-2|1|1|1|1|||0|0|0|0|0|0|1|1|||1|1|0|0|||||1|1|0|0|0|0|||5
U1216-4|1|1|||||0|0|1|1|0|0|0|0|0,25|1|2,2|5|0|0|||||1|1|0|0|0|0|||5,45
U1216-5|5,6|6|1|1|||0|0|6|6|0|0|0|0|0,5|1|3|6|1,5|2|0,35|2|0,35|2|1,25|2|0|0|0|0|||19,55
U1216-8|1|1|||||0|0|1,5|2|0|0|1|1|1|2|1,45|5|0|0|||1|1|1|1|0|0|1|1|||8,95
U1217-1|||3|3|||0|0|0|0|0|0|0|0|||0|0|0|0|||||1|1|0|0|1|1|||5
U1217-10|1,8|2|||||0|0|0|0|0|0|0|0|0,5|1|0,5|1|0|0|||||2|2|1|1|1|1|||6,8
U1217-11|3|3|||||0|0|0|0|1|1|0|0|1|2|1,4|5|0|0|||||6|6|0|0|0|0|||12,4
U1217-12|1|1|||||0|0|0|0|0|0|1|1|||0,6|2|1|1|||||1|1|0|0|0|0|||4,6
U1217-13|1|1|||||0|0|0|0|0|0|0|0|||0|0|0|0|||||1|1|0|0|1|1|||3
U1217-2|||1|1|||0|0|0|0|0|0|0|0|0,5|1|0|0|0|0|||||1|1|0|0|0|0|||2,5
U1217-3|||4|4|||0|0|0|0|0|0|0|0|1|2|0|0|0|0|||||3,8|4|1|1|0|0|||9,8
U1217-4|||||||0|0|0|0|0|0|0|0|2|4|0,3|1|0|0|||||3|3|0|0|0|0|||5,3
U1217-5|||1|1|||1|1|0|0|0|0|0|0|1,5|3|0|0|0|0|||||2|2|0|0|0|0|||5,5
U1217-6|||||||0|0|0|0|0|0|0|0|0,5|1|0|0|0|0|||||1|1|0|0|0|0|||1,5
U1217-7|2,7|3|4|4|||1|1|0|0|0|0|1|1|||2,2|5|0|0|||3|3|1|1|0|0|0|0|||14,9
U1217-8|1,9|2|2|2|||0|0|0|0|0|0|0|0|||0|0|0|0|||||2|2|0|0|0|0|||5,9
U1217-9|||1|1|||0|0|0|0|0|0|0|0|1|2|0|0|0|0|||||1|1|0|0|0|0|||3
U1218-1|4|4|1|1|||1,7|2|9|9|2|2|0|0|1,5|3|13,15|21|3|4|||||11,4|13|0|0|2|2|||48,75
U1219-1|1,9|2|||||3|3|9|9|5|5|0|0|2,5|5|2,2|5|0|1|||||1|1|0|0|0,3|1|0,5|1|25,4
U1219-10|||||1|1|1|1|5|5|0|0|1|1|1,5|3|0,6|2|0|1|||||0|0|1|1|7,5|8|||18,6
U1219-11|||||||0|0|1|1|6,6|7|0,4|1|||2,6|10|2,6|3|||||5|5|1|1|19,8|20|||39
U1219-2|3|3|||||0|0|6|6|16|16|4|4|0,3|1|1,4|5|2|2|0,7|1|||0,8|1|0|0|7,5|8|||41,7
U1219-3|0,5|1|||||1|1|1|1|0|0|0|0|||0,5|2|0,9|1|||||0,7|1|1,1|2|8,5|9|||14,2
U1219-4|3,8|4|||||0|0|4|4|0,5|1|0|0|||2,45|8|0|0|||||1,5|2|0|0|2,7|3|||14,95
U1219-5|2,7|3|||||0|0|10|10|0|0|0|0|1,5|3|0|0|0|1|||||0|0|0|0|3|3|||17,2
U1219-6|0,6|1|||||2|2|8|8|3|3|0|0|3|6|1,6|3|2|2|1|1|||3|3|0,5|1|10,5|12|||35,2
U1219-7|1|1|||||1|1|3|3|0|0|0|0|||2,5|8|0,1|1|||||0|0|0|0|4,5|5|||12,1
U1219-8|2|2|||||1|1|11|11|7,4|9|1|1|2|4|3,35|10|3,3|4|||||2,6|4|0|0|7,8|8|0,9|1|42,35
U1219-9|||||||1|1|12|12|0,5|1|2,1|3|1,5|3|5,6|18|2|2|||||2,8|3|1,5|2|3|3|||32
U1220-1|2|2|||||0|0|0|0|0|0|0|0|0,5|1|0|0|0|0|||||0,8|1|0|0|0|0|||3,3
U1220-2|1|1|||2|2|2|2|0|0|0|0|0|0|3|6|3,2|6|1,5|2|||||6|6|0|0|1|1|||19,7
U1220-3|5|5|||||0|0|1|1|0|0|0|0|||0,3|1|1|1|||||2|2|0|0|2|2|||11,3
U1220-4|7|7|1|1|||2|2|2|2|0|0|1|1|||0,3|1|1|1|||||3|3|0|0|2|2|||19,3
U1220-5|1|1|||||0|0|0|0|0|0|0|0|||0|0|0|0|||||0|0|0|0|0|0|||1
U1221-1|||||2,8|3|1|1|3|3|0|0|0|0|||0|0|0|0|||||1|1|0|0|0|0|0,3|1|8,1
U1221-2|||||2|2|1|1|2|2|0|0|0|0|||0|0|0|0|||||1|1|0|0|0|0|0,65|1|6,65
U1221-3|1|1|||2|2|1|1|1|1|0|0|0|0|||0|0|0|0|||||2|2|0|0|0|0|0,65|1|7,65
U1222-1|2|2|1|1|1|1|0|0|5|6|0|0|1|1|||0|0|0|0|||||3|3|0|0|0|0|||13
U1222-2|||||||3|3|1|1|0|0|0|0|||0|0|1|1|||||1|1|0|0|0|0|||6
U1223-1|2|2|||2|2|5|5|4|4|0|0|1|1|||0|0|0|0|1|1|||3|3|0|0|0|0|0,5|1|18,5
U1223-2|1|1|1|1|3|3|0|0|5|5|0|0|0|0|0,5|1|0|0|0,5|2|||||1|1|0|0|0|0|0,5|1|12,5
U1223-3|1|1|||1|1|3|3|3|3|0|0|0|0|||0|0|0|0|||||2|2|0|0|0|0|0,5|1|10,5
U1223-4|||1|1|||3|3|3|3|0|0|2|2|||0,15|1|0|0|||||4|4|0|0|1|1|||14,15
U1224-1|||||2|2|8,2|9|3|3|0|0|0|0|||0|0|0|0|||||3|3|0|0|0|0|||16,2
U1225-1|1|1|||||3|3|2|2|0|0|1|1|||0|0|0|0|||||3|3|0|0|0|0|||10
U1226-1|2|2|||||0|0|1|1|0|0|0|0|||0|0|0|0|||||1|1|0|0|0|0|||4
U1227-1|||||||1|1|7|7|0|0|0|0|1,5|3|3,8|12|0|0|||||4|4|0|0|1|1|||18,3
U1228-1|||2|2|2|2|3|3|7|7|0|0|1|1|0,7|3|1,95|5|1|1|||1|1|1|1|0|0|10|10|||30,65
U1229-1|2,9|3|2|2|||0|0|5,5|6|0|0|0|0|1|2|0,6|2|0,6|2|||||2|2|0|0|4|4|||18,6
U1229-2|2|2|||||0|0|6|6|0|0|0|0|1,8|4|3,5|11|0,5|2|||||0,4|1|0|0|1|1|||15,2
U1230-1|||||||1|1|5|5|0|0|3|3|3|5|1|4|1|1|0,8|1|1|1|4,5|5|0|0|0|0|||20,3
U1231-1|3|3|1|1|||1|1|11,5|12|0|0|0|0|2,5|5|1,35|5|3|3|||1|1|5|6|1|1|0|0|||30,35
U1231-2|1|1|||||1|1|1|1|0|0|0|0|1,5|3|1,9|4|0|0|||||3,4|4|0|0|0|0|||9,8
U1231-3|2|2|||||0|0|6|6|0|0|0|0|2,5|5|3|7|1|1|1|1|1|1|8|8|0|0|0|0|||24,5
U1231-4|||||||0|0|7|7|0|0|0|0|4|8|0|0|0|0|||1|1|9|9|0|0|0|0|||21
U1231-5|3|3|||||2|2|3|3|0|0|0|0|||3,9|6|1|1|||||5|5|0|0|0|0|||17,9
U1231-6|1|1|||||2|2|5|5|0|0|0|0|0,25|1|3,8|10|6|7|||||17,6|19|0|0|0|0|||35,65
U1231-7|1|1|||||3|3|12|12|1|1|0|0|1,5|3|4|8|0|1|||||5|5|0|0|0|0|||27,5
U1231-8|||||||2|2|3|3|0|0|0|0|||5,05|13|2,3|3|||2|2|12,3|13|0|0|0|0|1|1|27,65
U1231-9|1|1|||||1|1|0|0|0|0|2|2|||0|0|0|0|||||3|3|0|0|1|1|||8
U1232-1|2|2|1|1|||0|0|7|7|0|0|0|0|1,9|4|0,9|3|0|1|1|1|||9,4|10|0|0|3|3|1,8|2|28
U1232-10|||3|3|||0|0|2|2|0|0|1|1|0,5|1|0,5|3|0|0|||||5|5|0|0|0|0|||12
U1232-11|||1|1|||0|0|3,5|4|0,5|1|0|0|0,5|1|0,6|2|0|0|||||3,5|6|0|0|1|1|||10,6
U1232-12|||||||0|0|1|1|0|0|0|0|0,5|1|0,75|3|1,5|2|||||3,2|4|0|0|0|0|||6,95
U1232-13|2|2|2|2|||1|1|5|5|2|2|0|0|4|8|3,5|13|0|0|1|1|||5|7|0|0|1|1|||26,5
U1232-14|1|1|||||1|1|1|1|0|0|2|2|1|2|1,75|6|0|0|||||2|2|0|0|1|1|||10,75
U1232-15|1|1|1|1|||1|1|2|2|0|0|2|2|||0|0|0|0|||||1|1|0|0|0|0|||8
U1232-16|||||||0|0|0|0|0|0|0|0|||1,1|2|0|0|||||1,8|2|0|0|0|0|||2,9
U1232-17|1|1|||||2|2|4|4|1|1|0|0|0,5|1|2|6|0|0|||||3,9|5|0|0|0|0|||14,4
U1232-2|||||||0|0|1|1|0,3|1|0|0|0,3|1|2,7|7|3,8|5|||||6,5|9|0|0|0,5|1|||15,1
U1232-3|3|3|||||0,5|1|3,5|4|0|0|0|0|2|4|0,3|1|0|0|||||3,2|5|0|0|0,5|1|||13
U1232-4|3,8|4|1|1|||0|0|3|3|0|0|0|0|||0,65|4|0|0|||||3,05|4|0|0|1|1|||12,5
U1232-5|3|3|1|1|||0|0|1,5|2|0|0|2|2|0,4|1|0|0|0|1|||||3,5|4|0|0|0|0|||11,4
U1232-6|2|2|||||0|0|2|2|0|0|1|1|0,5|1|0,3|1|0|0|||1|1|0|0|0|0|2|2|||8,8
U1232-7|2|2|||||1|1|6,5|8|0|0|1|1|2,5|5|2,55|9|0|0|||1|1|3|3|0|0|0|0|||19,55
U1232-8|4|4|||||0|0|2|2|0|0|1|1|1|2|0,8|4|1|1|||1|1|1,2|2|0|0|1|1|||13
U1232-9|2|2|1|1|||0|0|2|2|0|0|1|1|1|2|1|2|0,8|1|||||3,9|5|0|0|1|1|||13,7
U1233-1|0|1|1|1|||15|15|1|1|0|0|0|0|||0|0|1|1|||||1|1|0|0|0|0|1|1|20
U1234-1|||||||2|2|8,5|9|0|0|1|1|1,5|3|5|20|1|1|4|4|3|3|7,1|8|0|0|2|2|||35,1
U1235-1|6|6|1|1|||0|0|4|4|0|0|0|0|0,6|2|1,9|11|0|0|||||5|5|0|0|1|1|0,5|1|20
U1236-1|2|2|||||1|1|2|2|0|0|0|0|||5,65|15|0|0|||1|1|14,3|16|0|0|0|0|||25,95
U1237-1|2|2|||||1|1|16,5|17|0|0|0|0|2,3|4|4,1|9|0|0|||1|1|3|3|0|0|1|1|||30,9
U1237-2|1|1|||||2|2|6|6|0|0|0|0|1|2|0,9|3|0|0|||||0|0|0|0|1|1|||11,9
U1237-3|1|1|||||0|0|2|2|0|0|1|1|||2,3|3|0|0|||||1,9|2|2|2|6|6|||16,2
U1238-1|3|3|1|1|||0|0|4|4|0|0|0|0|0,5|1|0,5|3|3|3|||||1,5|2|0|0|2,5|3|||16
U1238-2|2|2|||||0|0|2,3|3|0|0|1|1|0,5|1|1|5|2|2|0,5|1|||1|1|0|0|1|1|||11,3
U1238-3|2|2|||||0|0|1,3|2|0|0|0|0|0,8|1|0,9|5|0|0|||||1,5|2|0|0|0|0|||6,5
U1239-1|2|2|||||0|0|7|7|0|0|0|0|3,75|8|0,8|2|0|0|||||3|3|0|0|0|0|||16,55
U1239-2|2|2|||||0|0|6|6|0|0|1|1|2,5|5|0|0|0|0|||0,9|1|0,8|1|0|0|0|0|||13,2
U1239-3|1|1|||||0|0|3|3|0|0|0|0|1,5|3|0,8|3|0|0|||0,9|1|1|1|0|0|0|0|||8,2
U1239-4|2|2|||||1|1|3|3|0|0|0|0|4|8|1,55|3|0|0|||||2|2|0|0|1|1|||14,55
U1240-1|||||||0|0|7,5|8|0|0|0|0|4|9|2,9|10|3,9|6|||||7,4|13|0|0|0|0|||25,7
U1240-2|1|1|||||0|0|13|13|0|0|0|0|6,5|13|3,8|12|1|4|||3,3|4|5|8|0|0|0|0|||33,6
U1241-1|1|1|2|2|||0|0|0|0|0|0|0|0|3|6|3,1|13|1,5|3|1|1|||6,9|7|0|0|0|0|||18,5
U1241-2|3|3|1|1|||1|1|3|3|0|0|0|0|2|4|3,4|14|1|3|||||5,8|6|0|0|1|1|||21,2
U1241-3|3|3|1|1|||0|0|1|1|0|0|1|1|||1,45|6|0,8|2|||||1,8|2|0|0|1|1|||11,05
U1242-1|2|2|||||1|1|3|3|0|0|0|0|||0|0|0|0|||||0|0|0|0|0|0|||6
U1242-2|1|1|||||1|1|2|2|0|0|0|0|||0|0|0|0|||||0|0|1|1|0|0|||5
U1244-1|||||9|9|6|6|9,5|10|0|0|0|0|0,5|1|0|0|0|1|||1|1|1|1|0|0|0|0|||27
U1245-1|1|1|||||0|0|8|8|0|0|0|0|1,5|3|2,5|7|0|0|||||7,3|9|0|0|0|0|||20,3
U1245-2|||1|1|||0|0|1|1|0|0|0|0|0,5|1|2|5|0|0|||2|2|4|4|0|0|0|0|||10,5
U1245-3|2|2|||||0|0|7|7|0|0|0|0|1,5|3|3,15|9|0,25|1|||||5|6|0|0|1|1|||19,9
U1245-4|||0,3|1|||0|0|1|1|0|0|0|0|||4|12|2,3|3|||1|1|5,05|8|0|0|0|0|0,3|1|13,95
U1246-1|||||||4|5|7|7|0|0|0|0|3,55|8|4,3|14|2|2|||1|1|2,8|6|0|0|0|0|||24,65
U1247-1|||||||0|0|8|8|0|0|2|2|3|6|2,4|4|1,5|2|||||2|2|0|0|0|0|||18,9
U1248-1|||||||2|2|6|6|0|0|0|0|2|4|5,2|18|2,3|3|1|1|||3,15|4|0|0|1|1|||22,65
U1249-1|3|3|||||0|0|1|1|0|0|1|1|1|2|0|0|0|0|||||0|0|0|0|0|0|||6
U1249-10|4|4|2|2|||0|0|2|2|0|0|0|0|||0|0|0|0|||||0,8|1|0|0|0|0|||8,8
U1249-11|1|1|1|1|||1|1|1|1|0|0|1|1|||0,2|1|0|0|||||1|1|0|0|0|0|||6,2
U1249-12|2|2|||||0|0|1|1|0|0|1|1|||0|0|0|0|||||0|0|0|0|2|2|||6
U1249-13|1|1|||||1|1|2|2|0|0|1|1|0,5|1|0|0|0|0|||||0|0|0|0|0|0|||5,5
U1249-2|4|4|2|2|||1|1|2|2|0|0|0|0|||0,1|1|1|1|||||0|0|0|0|1|1|||11,1
U1249-4|1|1|3|3|||2|2|4|4|0|0|1|1|0,5|1|0|0|0|0|1|1|||0|0|1|1|1|1|||14,5
U1249-8|||3|3|||0|0|4|4|0|0|3|3|||0|0|0,5|1|||||1|1|0|0|1|1|||12,5
U1249-9|2|2|2|2|||0|0|4|4|0|0|0|0|1,5|2|0|0|0|1|1|1|||1|1|0|0|0|0|||11,5
U1250-1|2|2|||||0|0|5|5|0|0|0|0|1,5|3|4,3|19|1|1|||0,5|1|4,3|5|0|0|2|2|||20,6
U1251-1|2|2|||||1|1|1|1|0|0|0|0|||0,55|2|0|0|||||2|2|0|0|0|0|||6,55
U1251-3|1|1|1|1|||1|1|3|3|0|0|0|0|||2,45|6|0|0|||||2|2|0|0|0|0|||10,45
U1251-4|4|4|||||2|2|1|1|0|0|0|0|||0,9|3|0|0|1|1|||1|1|0|0|0|0|||9,9
U1251-5|1|1|||||1|1|2|2|0|0|0|0|||0,3|1|0|0|||||1|1|0|0|0|0|||5,3
U1251-6|1|1|||||0|0|0|0|0|0|0|0|||0,25|2|0|0|1|1|||2|2|0|0|1|1|||5,25
U1251-7|3|3|||||0|0|3|3|0|0|0|0|||0|0|0|0|||||0|0|0|0|0|0|||6
U1251-8|2|2|1|1|||2|2|5|5|0|0|0|0|||4,65|15|0,5|1|||||7|7|0|0|0|0|||22,15
U1251-9|||1|1|||1|1|0|0|0|0|0|0|1|1|6|6|1|1|||1|1|5|5|0|0|0|0|||16
U1252-1|0,8|1|||||0|0|3|3|3,8|4|1|1|0,5|1|1,1|3|5|5|1|1|||2|2|0|0|1|1|||19,2
U1252-2|3|3|1|1|2|2|0|0|15|15|0|0|2|2|1|2|0,6|2|4,65|6|3|3|1|1|1|1|2|2|6|6|||42,25
U1252-3|||1|1|1|1|1|1|5|5|0|0|0|0|1|2|1,5|5|3|3|||||2|2|0|0|0|0|||15,5
U1253-1|2|2|||||0|0|3|3|0|0|1|1|5,5|11|4,55|12|2|2|||1,8|2|3,6|5|0|0|0|0|0,3|1|23,75
U1253-2|3|3|||||0|0|4|4|0|0|0|0|4,55|10|7|20|2,1|4|||3,5|4|8,5|9|0|0|1|1|1,3|2|34,95
U1253-3|1|1|||||0|0|2|2|0|0|0|0|1,5|3|3,95|9|3|3|1|1|1|1|5,9|9|0|0|0|0|||19,35
U1254-1|1,7|2|||||0|0|12|12|0|0|1|1|||3,2|14|0|0|||3|3|3,6|6|0|0|0|0|||24,5
U1255-1|2|2|||||0|0|3|3|0|0|0|0|||0,3|1|0,8|2|1|1|||8|8|0|0|0|0|||15,1
U1255-2|3|3|||||0|0|2|2|0|0|0|0|||0|0|0|0|||||6,8|7|0|0|1|1|||12,8
U1256-1|1,6|2|||||1|1|7|7|0|0|0|0|2|4|5|16|1|2|||||10,1|12|0|0|0|0|||27,7
U1256-2|1|1|||||0|0|0|0|0|0|0|0|1|2|1,2|4|1|1|||||9|10|0|0|0|0|||13,2
U1256-3|1|1|||||0|0|0|0|0|0|0|0|||2,7|9|0|0|||||8|9|0|0|0|0|||11,7
U1257-1|2|2|||||2|2|5|5|0|0|0|0|||0|0|0|0|||1|1|1,5|2|0|0|0|0|||11,5
U1258-1|1|1|||||0|0|3|3|0|0|0|0|1,5|3|0|0|0|0|||||0,8|1|0|0|0|0|||6,3
U1258-10|2|2|||||0|0|4|4|0|0|0|0|0,5|1|0,6|2|0|0|||||1|1|0|0|0|0|||8,1
U1258-12|2|2|3|3|||0|0|4|4|0|0|0|0|||0,3|1|0|0|||||2,8|3|0|0|0|0|||12,1
U1258-13|3|3|||||2|2|2|2|0|0|1|1|||0|0|0|1|||||2|2|0|0|0|0|||10
U1258-14|2|2|1|1|||4,5|5|3|3|0|0|1|1|||0|0|0|1|||||2,8|3|0|0|0|0|||14,3
U1258-16|1|1|1|1|||0|0|4|4|0|0|5|5|0,5|1|0|0|0|0|||||2|2|0|0|1|1|||14,5
U1258-17|1|1|1|1|||1|1|2|2|0|0|0|0|||0|0|0|0|||||2|2|0|0|1|1|||8
U1258-20|||1|1|||0|0|2|2|0|0|0|0|0,5|1|0|0|1|1|||||1|1|0|0|0|0|||5,5
U1258-21|1|1|1|1|||3|3|2|2|0|0|0|0|0,5|1|0|0|0|0|||||1|1|0|0|0|0|||8,5
U1258-24|2|2|2|2|||0|0|2|2|0|0|1|1|||0|0|0|0|||2|2|3|3|0|0|0|0|||12
U1258-25|1|1|1|1|||0|0|0|0|0|0|0|0|||0|0|0|0|||||0|0|0|0|0|0|||2
U1258-26|1|1|||||0|0|2|2|1|1|0|0|||0|0|1|1|||||0|0|0|0|1|1|||6
U1258-28|||||||0|0|1|1|0|0|0|0|2|4|0|0|0|0|||||1|1|0|0|0|0|||4
U1258-3|||2|2|||0|0|1|1|0|0|0|0|||0,6|2|0|1|||||3|3|0|0|0|0|||6,6
U1258-30|1|1|||||2|2|1|1|0|0|1|1|||0|0|0|0|||||0,8|1|0|0|2|2|||7,8
U1258-32|2|2|||||0|0|9|9|0|0|0|0|||0,3|1|0|0|||||2|2|0|0|0|0|||13,3
U1258-33|||3|3|||2|2|5|5|0|0|2|2|0,5|1|0|0|0|0|||1|1|2,8|3|0|0|2|2|||18,3
U1258-35|||2,9|3|||0|0|0|0|0|0|1|1|||0|0|0|0|||||1|1|0|0|0|0|||4,9
U1258-36|||1|1|||2|2|4|4|0|0|0|0|||0|0|0|0|||||1,9|2|0|0|1|1|||9,9
U1258-37|||2|2|||1|1|1|1|0|0|0|0|0,5|1|0|0|0|0|1|1|||0,8|1|0|0|0|0|||6,3
U1258-38|2|2|2|2|||0|0|3|3|0|0|0|0|||0|0|0|0|||||1|1|0|0|0|0|||8
U1258-4|||2|2|||0|0|2|2|0|0|0|0|||0|0|0|0|||||2,8|3|0|0|0|0|||6,8
U1258-40|2|2|||||3|3|5|5|0|0|0|0|||0,5|2|0|0|||||4|4|0|0|0|0|||14,5
U1258-41|||||||1|1|2|2|0|0|0|0|||2,3|3|0|0|||||2|2|0|0|1|1|||8,3
U1258-43|||3|3|||1|1|2|2|0|0|0|0|||0|0|0|0|0,8|1|||1|1|0|0|1|1|||8,8
U1258-44|1|1|||||2|2|3|3|0|0|0|0|||0|0|0|0|||||2|2|0|0|0|0|||8
U1258-45|1|1|||||0|0|3|3|0|0|0|0|||0|0|0|0|||||2,8|3|0|0|0|0|||6,8
U1258-46|||1|1|||2|2|1|1|0|0|1|1|0,5|1|1,5|5|0|0|||||2,9|3|0|0|0|0|||9,9
U1258-47|1|1|||||1|1|2|2|0|0|0|0|||0|0|0|0|||||1|1|0|0|0|0|||5
U1258-48|||0,5|1|||0|0|0|0|0|0|0|0|0,5|1|0|0|0,2|1|||||2|2|0|0|0|0|||3,2
U1258-49|||1|1|||0|0|0|0|0|0|0|0|||0|0|0|0|||||1|1|0|0|0|0|1|1|3
U1258-5|||1|1|||2|2|4|4|0|0|0|0|0,5|1|0|0|0|0|||||3|3|0|0|1|1|||11,5
U1258-50|||1|1|||0|0|0|0|0|0|0|0|||0|0|0|0|||||2|2|0|0|0|0|||3
U1258-51|||2|2|||0|0|0|0|0|0|0|0|0,5|1|0|0|0|0|||||1,35|2|0|0|1|1|||4,85
U1258-52|||1|1|||0|0|0|0|0|0|0|0|||0|0|0|0|||||0|0|0|0|0|0|||1
U1258-53|||1|1|||1|1|1|1|0|0|0|0|||0|0|0|0|||||0|0|1|1|0|0|||4
U1258-7|2,8|3|1|1|||0|0|1|1|0|0|0|0|0,5|1|0|0|0|0|||||0,9|1|0|0|0|0|||6,2
U1258-9|1|1|||||1|1|3|3|0|0|0|0|||0|0|0|0|||||1|1|0|0|0|0|||6
U1259-1|2|2|||||1|1|11|11|0|0|1|1|2,5|5|2,85|9|0|0|||1|1|7,25|8|0|0|0|0|2|2|30,6
U1260-1|2|2|2|2|||1|1|0|0|0|0|0|0|0,8|2|8,5|25|0,5|2|||||4|4|0|0|1|1|||19,8
U1261-1|1|1|||||1|1|2|2|0|0|1|1|1,5|3|0,4|1|3,95|7|||2|2|7,2|12|0|0|0|0|||20,05
U1262-1|4|4|3|3|||1|1|12|12|0|0|0|0|1|2|4,4|7|0|1|||4|4|9|9|0|0|0|0|||38,4
U1262-2|||||||1|1|1|1|0|0|0|0|1,5|3|4,8|6|0|1|||||4,5|5|0|0|0|0|||12,8
US1-1|0,1|1|||||0|0|0|0|0|0|0|0|||0|0|1|1|||2|2|14,8|15|0|0|1|1|||18,9
US2-1|0,2|1|||1,7|2|0|0|0|0|0|0|0|0|0,3|1|0|0|0,9|2|1|1|1|1|3,8|6|0|0|7|7|||15,9
US3-1|2|2|||||0|0|0|0|0|0|0|0|||0|0|0|0|3|3|||10|10|0|0|4|4|||19
US4-1|||0,45|2|0,7|2|0|0|0|0|0|0|0|0|0,15|1|0|0|0|0|2|2|4,5|5|5,3|6|0|0|1|1|||14,1
US5-1|||1|1|||0|0|0|0|0|0|0|0|||0|0|0|0|1|1|||5,7|6|0|0|0|0|||7,7
US6-1|||0,5|1|||0|0|0|0|0|0|0|0|||0|0|0|0|3|3|0,5|1|42,3|43|0|0|2,8|3|||49,1
US7-1|0,1|1|||||0|0|0|0|0|0|0|0|||0|0|0|0|1|1|5|5|23|23|0|0|0|0|1|1|30,1
US8-1|0,2|1|0,6|3|||0|0|0|0|0|0|0|0|||0|0|0|0|1,8|2|3,5|4|24,1|26|0|0|0|0|||30,2
US9-1|||0,3|1|||0|0|0|0|0|0|0|0|0,5|1|0|0|0|0|2|2|3,9|4|17,8|18|2|2|20|21|||46,5
US10-1|||||||0|0|0|0|0|0|0|0|||0|0|0|0|||||8,6|9|0|0|2,9|3|||11,5
US10-2|||||||0|0|1|1|0|0|0|0|||0|0|0|0|2|2|||2|2|0|0|1|1|||6
US11-1|||||||3|3|0,3|1|2|2|2|2|||2,1|5|3,1|5|1|1|||10|10|0,8|1|9,4|10|1|1|34,7
US12-1|||0,6|3|||1|1|0|0|1|1|2|2|||0|0|0|0|2|2|1|1|13,4|14|0|0|8|9|||29
US13-1|0,5|1|||||0|0|0|0|0|0|1|1|||0|0|0|0|||||0|0|2|2|2|2|||5,5
US14-1|||||||0|0|0|0|0|0|0|0|||0|0|0|0|3|3|||1|1|3|3|3|3|||10
US14-2|||||||0|0|0|0|1|1|0|0|||0|0|0|0|3|3|||0|0|6|6|0|0|||10
US14-3|||||||0|0|0|0|0|0|0|0|||0|0|0|0|3|3|||0|0|1|1|3|3|||7
US14-4|||||||0|0|0|0|1|1|0|0|||0|0|0|0|2|2|||0|0|5|5|1|1|||9
US14-5|||||||0|0|0|0|0|0|0|0|||0|0|0|0|4|4|||1|1|0|0|2|2|||7
US15-1|||||||0|0|0|0|1|1|0|0|||0|0|0|0|1|1|||0|0|7|7|4|4|||13
US16-1|0,2|2|||||0|0|0|0|0|0|0|0|0,1|1|0,3|1|0|0|0,5|1|2,7|3|6,7|8|0|0|8,5|11|1,2|2|20,2
US17-1|0,3|1|||||0|0|0|0|0|0|0|0|||0,6|2|0|0|2,45|3|2,6|4|5,05|6|0|0|0|0|||11
US18-1|||||||0|0|0,5|1|0|0|0|0|0,25|1|0|0|0|0|||4|4|11,2|13|4|4|5,8|6|||25,75
US19-1|||||||0|0|0|0|0|0|0|0|||0,1|1|1|1|6|6|||12|13|0|0|0|0|||19,1
US19-2|||||||0|0|0|0|0|0|0|0|||0,1|1|0|0|||||0|0|0|0|0|0|||0,1
US19-3|||||||0|0|0|0|0|0|0|0|||0|0|0|0|2|2|||0|0|0|0|0|0|||2
US19-4|||||||0|0|0|0|0|0|0|0|||0|0|0|0|2|2|||3,6|4|0|0|0|0|||5,6
US20-1|1|1|||||0|0|0|0|0|0|0|0|||0,15|1|0,1|1|1|1|||1,8|2|0|0|0|0|||4,05
US21-1|||||1|1|0|0|0|0|0|0|0|0|||0|0|0|0|||1|1|1|1|0|0|6|6|||9
US21-2|||||||0|0|0|0|0|0|0|0|||0|0|0|0|||||0|0|0|0|3|3|||3
US22-1|||1|1|||0|0|0|0|0|0|0|0|||0|0|0|1|||||0|0|0|0|0|0|||1
US23-1|||||||0|0|0|0|0|0|0|0|||0,1|1|0|0|1|1|0,7|1|14|14|0|0|0|0|||15,8
US24-1|||0,25|1|||0|0|0|0|0|0|0|0|||0|0|0|0|5|5|1|1|23,2|24|0,5|1|5|5|||34,95
US25-1|||0,5|1|||0|0|0|0|0|0|0|0|||0|0|0|0|||||12|12|0|0|1|1|||13,5
US26-1|||||0,5|1|0|0|0|0|0|0|0|0|||0|0|0|0|||||0|0|0|0|0|0|||0,5
US27-1|||1|1|||0|0|0|0|0|0|0|0|||0|0|0|0|2|2|||2|2|0|0|0|0|||5
US28-1|||||||0|0|0|0|0|0|0|0|||0|0|0|0|2|2|1|1|28,3|30|0|0|0|0|||31,3
US29-1|0,15|1|||||0|0|0|0|0|0|0|0|0,25|1|0,25|2|0|0|1|1|2|2|3,6|4|0|0|0|0|||7,25
US30-1|||||||0|0|0|0|0|0|0|0|0,1|1|0,3|3|0|0|||1|1|5|5|0|0|1|1|||7,4
US31-1|0,3|1|0,2|1|||0|0|0|0|0|0|0|0|||0|0|0|0|4|4|||11,9|12|0|0|0|0|||16,4
US32-1|0,4|2|||||0|0|0|0|0|0|0|0|||0|0|0|0|||1|1|5,25|7|0|0|0|0|||6,65
US33-1|0,5|1|||||0|0|0|0|0|0|0|0|||0|0|0|0|1|1|1|1|9,25|10|1|1|1|1|||13,75
US34-1|||||||0|0|0|0|0|0|0|0|||0,1|1|0|0|||||0|0|0|0|0|0|||0,1
US35-1|1|1|||||0|0|0|0|0|0|0|0|||0|0|0|0|||||0|0|0|0|0|0|||1
